chain,x,y,z
A,60.87,-2.779,36.117
A,62.115,-2.9,35.299
A,62.814,-1.536,35.188
A,62.221,-0.513,35.562
A,61.776,-3.432,33.904
A,64.057,-1.519,34.69
A,64.804,-0.262,34.513
A,65.312,-0.004,33.083
A,65.988,-0.855,32.493
A,65.988,-0.181,35.486
A,66.839,1.081,35.268
A,66.349,2.204,35.557
A,67.972,0.94,34.737
A,65.093,1.222,32.604
A,65.282,1.561,31.195
A,66.253,2.721,31.021
A,66.469,3.197,29.901
A,63.947,1.948,30.574
A,62.936,0.844,30.611
A,63.161,-0.334,29.924
A,61.788,0.947,31.403
A,62.285,-1.394,30.028
A,60.901,-0.102,31.507
A,61.156,-1.27,30.819
A,60.297,-2.342,30.909
A,66.759,3.235,32.141
A,67.645,4.398,32.117
A,68.878,4.175,31.271
A,69.429,3.071,31.229
A,68.058,4.798,33.533
A,67.276,5.986,34.047
A,68.061,7.297,33.975
A,67.498,8.357,33.632
A,69.333,7.261,34.428
A,69.194,5.194,30.481
A,70.331,5.126,29.588
A,70.183,4.201,28.386
A,71.114,4.137,27.576
A,69.037,3.517,28.241
A,68.77,2.655,27.063
A,68.325,3.421,25.811
A,67.651,4.447,25.898
A,67.702,1.61,27.385
A,68.017,0.758,28.569
A,69.195,-0.112,28.284
A,69.091,-1.393,29.095
A,67.744,-2.047,28.917
A,68.686,2.896,24.647
A,68.214,3.418,23.38
A,66.898,2.699,23.076
A,66.887,1.509,22.761
A,69.241,3.114,22.281
A,68.929,3.818,20.959
A,69.843,4.261,20.262
A,67.676,3.794,20.544
A,65.797,3.412,23.234
A,64.476,2.817,23.119
A,63.812,3.344,21.85
A,63.8,4.551,21.609
A,63.609,3.175,24.368
A,62.164,2.653,24.206
A,64.265,2.584,25.63
A,63.336,2.426,21.012
A,62.65,2.779,19.774
A,61.21,2.24,19.825
A,60.991,1.062,20.091
A,63.402,2.186,18.534
A,62.577,2.401,17.274
A,64.807,2.819,18.404
A,60.241,3.13,19.66
A,58.818,2.774,19.641
A,58.346,2.734,18.171
A,58.629,3.66,17.391
A,57.988,3.832,20.414
A,58.385,3.827,21.89
A,56.482,3.572,20.281
A,58.049,5.127,22.574
A,57.649,1.668,17.789
A,57.022,1.617,16.471
A,55.516,1.809,16.615
A,54.862,1.059,17.345
A,57.27,0.275,15.775
A,58.78,-0.003,15.698
A,56.64,0.279,14.376
A,59.1,-1.433,15.253
A,54.983,2.82,15.938
A,53.556,3.067,15.95
A,53.286,4.416,16.572
A,53.697,4.665,17.703
A,52.661,5.313,15.805
A,52.238,6.635,16.302
A,50.702,6.717,16.401
A,50.079,7.671,15.927
A,52.771,7.763,15.379
A,53.996,8.586,15.815
A,54.318,9.63,14.77
A,53.719,9.267,17.141
A,50.096,5.659,16.93
A,48.687,5.709,17.265
A,48.54,5.896,18.77
A,49.428,6.453,19.437
A,47.467,5.34,19.322
A,47.185,5.477,20.748
A,48.258,4.784,21.55
A,48.733,5.317,22.547
A,45.84,4.849,21.125
A,44.578,5.348,20.448
A,43.394,4.534,20.935
A,44.399,6.808,20.76
A,48.593,3.56,21.156
A,49.607,2.808,21.882
A,50.958,3.516,21.899
A,51.543,3.709,22.957
A,49.788,1.416,21.298
A,48.528,0.727,21.342
A,50.859,0.642,22.098
A,51.446,3.899,20.723
A,52.738,4.552,20.635
A,52.794,5.812,21.484
A,53.81,6.074,22.135
A,51.73,6.615,21.472
A,51.735,7.87,22.239
A,51.747,7.592,23.743
A,52.471,8.283,24.483
A,50.532,8.743,21.879
A,50.615,9.371,20.485
A,49.249,9.874,20.062
A,51.613,10.502,20.514
A,51.053,6.526,24.181
A,51.097,6.14,25.593
A,52.478,5.612,25.987
A,52.949,5.871,27.095
A,49.997,5.123,25.945
A,50.346,3.8,25.543
A,53.171,4.963,25.051
A,54.533,4.505,25.304
A,55.515,5.67,25.39
A,56.389,5.684,26.268
A,54.997,3.522,24.233
A,54.19,1.893,24.338
A,55.359,6.665,24.516
A,56.166,7.879,24.607
A,56.037,8.524,25.999
A,57.034,8.695,26.715
A,55.753,8.892,23.515
A,56.367,10.29,23.808
A,56.216,8.381,22.156
A,54.81,8.793,26.412
A,54.581,9.338,27.738
A,55.166,8.464,28.852
A,55.775,8.996,29.793
A,53.088,9.537,27.975
A,52.519,10.67,27.158
A,53.309,11.434,26.563
A,51.275,10.76,27.072
A,55.041,7.139,28.716
A,55.608,6.187,29.679
A,57.116,6.337,29.852
A,57.612,6.353,30.959
A,55.283,4.746,29.264
A,55.914,3.695,30.142
A,55.244,3.22,31.27
A,57.125,3.123,29.797
A,55.77,2.182,32.023
A,57.671,2.08,30.547
A,56.987,1.608,31.661
A,57.856,6.379,28.765
A,59.29,6.493,28.897
A,59.679,7.883,29.374
A,60.507,8.001,30.265
A,60.004,6.138,27.575
A,60.027,4.661,27.291
A,60.84,3.816,28.035
A,59.071,4.086,26.445
A,60.699,2.43,27.967
A,58.924,2.722,26.371
A,59.735,1.886,27.131
A,59.055,8.922,28.841
A,59.422,10.281,29.232
A,59.262,10.492,30.738
A,60.17,10.999,31.393
A,58.596,11.314,28.47
A,58.929,11.478,26.979
A,57.936,12.414,26.353
A,60.347,11.99,26.767
A,58.191,9.952,31.303
A,57.934,10.08,32.73
A,58.945,9.298,33.556
A,58.989,9.448,34.771
A,56.545,9.606,33.042
A,59.715,8.426,32.909
A,60.742,7.621,33.572
A,62.168,8.117,33.275
A,63.138,7.357,33.437
A,60.621,6.149,33.137
A,59.708,5.346,34.015
A,58.913,4.324,33.246
A,57.746,3.905,34.02
A,56.62,4.611,34.157
A,56.471,5.801,33.572
A,55.6,4.097,34.834
A,62.277,9.31,32.689
A,63.578,9.851,32.339
A,64.238,9.26,31.095
A,65.451,9.388,30.919
A,63.459,8.616,30.228
A,64,8.086,28.981
A,63.308,8.76,27.792
A,62.077,8.813,27.71
A,63.825,6.55,28.893
A,64.472,6.023,27.61
A,64.461,5.868,30.086
A,64.096,9.372,26.917
A,63.555,9.925,25.693
A,63.659,8.871,24.584
A,64.764,8.464,24.19
A,64.327,11.153,25.278
A,64.366,12.052,26.386
A,63.66,11.838,24.098
A,62.509,8.344,24.135
A,62.515,7.305,23.105
A,62.472,7.98,21.749
A,62.291,9.197,21.668
A,61.233,6.542,23.411
A,60.288,7.638,23.856
A,61.135,8.63,24.608
A,62.742,7.224,20.693
A,62.458,7.693,19.332
A,61.322,6.851,18.788
A,61.096,5.747,19.294
A,63.693,7.561,18.458
A,64.815,8.404,19.015
A,65.936,8.583,18.046
A,66.713,7.37,17.876
A,67.846,7.325,17.18
A,68.313,8.43,16.61
A,68.465,6.168,16.987
A,60.503,7.43,17.912
A,59.294,6.753,17.459
A,59.219,6.785,15.938
A,59.609,7.769,15.304
A,58.028,7.39,18.112
A,57.993,8.867,17.843
A,56.749,6.712,17.598
A,58.774,5.686,15.345
A,58.653,5.6,13.892
A,57.317,4.959,13.55
A,56.748,4.257,14.372
A,59.803,4.767,13.316
A,59.747,3.303,13.693
A,61.138,2.315,13.104
A,62.541,3.221,13.779
A,56.887,5.095,12.303
A,55.635,4.503,11.836
A,55.761,4.376,10.32
A,56.345,5.251,9.677
A,54.466,5.436,12.189
A,53.112,4.754,12.118
A,52.706,4.287,11.038
A,52.431,4.712,13.146
A,55.295,3.264,9.752
A,55.335,3.11,8.293
A,54.384,4.074,7.556
A,54.602,4.369,6.371
A,55.013,1.672,7.848
A,53.649,1.376,8.146
A,55.894,0.686,8.554
A,53.337,4.554,8.239
A,52.443,5.563,7.662
A,53.141,6.908,7.54
A,53.919,7.307,8.401
A,51.182,5.714,8.502
A,50.314,4.449,8.52
A,49.274,4.463,9.641
A,49.873,4.402,10.974
A,49.175,4.402,12.105
A,47.848,4.465,12.074
A,49.775,4.19,13.257
A,52.913,7.592,6.433
A,53.501,8.903,6.275
A,52.879,9.917,7.222
A,53.581,10.732,7.822
A,53.378,9.372,4.832
A,54.211,8.544,3.887
A,54.389,9.434,2.357
A,56.085,9.123,2.046
A,51.57,9.879,7.379
A,50.942,10.856,8.258
A,50.083,10.124,9.287
A,48.851,10.003,9.13
A,50.087,11.857,7.453
A,50.856,12.364,6.346
A,49.668,12.998,8.334
A,50.741,9.492,10.278
A,49.999,8.718,11.274
A,49.188,9.629,12.175
A,49.493,10.819,12.321
A,51.095,7.971,12.028
A,52.29,8.826,11.891
A,52.193,9.475,10.534
A,48.081,9.104,12.71
A,47.074,9.911,13.411
A,47.619,10.626,14.653
A,47.174,11.724,14.998
A,45.981,8.891,13.762
A,46.65,7.55,13.639
A,47.622,7.717,12.517
A,48.667,10.064,15.247
A,49.215,10.638,16.469
A,50.319,11.666,16.294
A,50.82,12.22,17.279
A,50.679,11.947,15.045
A,51.785,12.843,14.746
A,51.578,14.143,15.484
A,52.5,14.689,16.06
A,51.839,13.14,13.249
A,53.059,12.791,12.411
A,52.94,13.558,11.104
A,54.345,13.139,13.135
A,50.344,14.622,15.48
A,50.057,15.951,15.994
A,50.081,16.029,17.521
A,50.202,17.114,18.081
A,48.703,16.428,15.453
A,48.802,17.015,14.028
A,49.887,16.932,13.381
A,47.782,17.595,13.569
A,50.01,14.877,18.18
A,49.988,14.828,19.631
A,51.33,14.427,20.226
A,51.527,14.506,21.443
A,48.884,13.886,20.097
A,47.491,14.523,20.035
A,46.415,13.51,19.683
A,45.91,12.762,20.927
A,44.651,13.362,21.527
A,52.301,14.167,19.355
A,53.671,13.852,19.773
A,54.401,15.065,20.401
A,54.441,16.149,19.793
A,54.458,13.341,18.559
A,55.75,12.613,18.864
A,55.487,11.352,19.697
A,56.404,12.259,17.546
A,54.994,14.898,21.616
A,55.833,15.941,22.221
A,56.936,16.389,21.281
A,57.606,15.57,20.644
A,56.408,15.265,23.459
A,55.373,14.272,23.829
A,54.901,13.724,22.505
A,57.183,17.69,21.265
A,58.032,18.27,20.244
A,59.506,17.897,20.422
A,60.248,17.831,19.45
A,57.83,19.788,20.22
A,57.196,20.288,18.91
A,55.716,20.718,19.038
A,54.831,19.829,19.203
A,55.434,21.94,18.855
A,59.868,17.449,21.618
A,61.226,16.999,21.899
A,61.505,15.584,21.37
A,62.618,15.053,21.509
A,61.476,17.041,23.413
A,60.458,14.894,20.93
A,60.618,13.495,20.566
A,60.909,13.357,19.062
A,60.137,13.852,18.229
A,59.358,12.659,20.971
A,59.574,11.195,20.606
A,59.114,12.761,22.476
A,62.055,12.75,18.739
A,62.433,12.402,17.362
A,61.448,11.424,16.759
A,61.15,10.403,17.37
A,63.787,11.719,17.334
A,64.975,12.636,17.522
A,66.27,11.947,17.155
A,66.421,11.589,15.967
A,67.101,11.682,18.061
A,61.064,11.649,15.51
A,60.116,10.763,14.858
A,60.503,10.537,13.417
A,61.211,11.349,12.823
A,58.666,11.297,14.964
A,58.281,12.434,14.006
A,59.015,13.749,14.307
A,58.915,14.189,15.707
A,57.934,14.945,16.193
A,56.935,15.337,15.41
A,57.976,15.363,17.451
A,60.184,9.349,12.929
A,60.488,8.952,11.569
A,59.187,8.408,11.009
A,58.604,7.51,11.599
A,61.557,7.844,11.589
A,61.825,7.244,10.251
A,62.832,7.711,9.437
A,61.154,6.249,9.605
A,62.761,7.002,8.327
A,61.757,6.102,8.381
A,58.74,8.912,9.862
A,57.469,8.456,9.286
A,57.664,7.934,7.849
A,58.694,8.197,7.217
A,56.437,9.609,9.272
A,57.002,10.728,8.563
A,56.08,10.044,10.701
A,56.702,7.16,7.359
A,56.726,6.737,5.966
A,57.435,5.423,5.71
A,57.339,4.888,4.605
A,58.137,4.902,6.715
A,58.829,3.601,6.637
A,59.349,3.252,8.022
A,59.332,4.098,8.913
A,60.019,3.671,5.673
A,60.907,4.723,6.029
A,59.829,2.027,8.21
A,60.609,1.723,9.411
A,62.068,2.105,9.133
A,62.559,1.914,8.027
A,60.5,0.24,9.77
A,59.078,-0.236,10.117
A,59.124,-1.562,10.876
A,58.384,0.827,10.945
A,62.722,2.743,10.089
A,64.092,3.182,9.884
A,65.05,2.152,10.48
A,65.103,1.978,11.707
A,64.283,4.548,10.537
A,65.691,5.075,10.385
A,66.639,4.306,10.384
A,65.84,6.392,10.361
A,65.767,1.435,9.624
A,66.601,0.337,10.094
A,67.818,0.807,10.859
A,68.371,0.059,11.675
A,67.054,-0.53,8.936
A,65.917,-1.282,8.299
A,65.067,-1.817,9.023
A,65.834,-1.277,7.056
A,68.254,2.033,10.587
A,69.336,2.63,11.368
A,68.937,2.77,12.819
A,69.745,2.503,13.712
A,69.721,4.003,10.832
A,70.363,3.916,9.481
A,70.794,5.262,8.949
A,70.408,6.295,9.542
A,71.52,5.279,7.926
A,67.692,3.184,13.05
A,67.177,3.309,14.415
A,66.922,1.936,15.047
A,67.321,1.69,16.182
A,65.878,4.133,14.428
A,66.038,5.63,14.155
A,67.135,6.26,13.654
A,65.049,6.652,14.358
A,66.89,7.619,13.529
A,65.613,7.884,13.963
A,63.73,6.65,14.84
A,64.923,9.097,14.041
A,63.04,7.854,14.907
A,63.637,9.059,14.512
A,66.302,1.029,14.299
A,66.008,-0.3,14.838
A,67.27,-1.103,15.181
A,67.361,-1.702,16.259
A,65.111,-1.097,13.872
A,63.693,-0.532,13.659
A,62.963,-1.32,12.588
A,62.908,-0.608,14.95
A,68.244,-1.115,14.276
A,69.427,-1.949,14.465
A,70.37,-1.384,15.516
A,71.293,-2.069,15.956
A,70.14,-2.159,13.13
A,69.331,-2.987,12.148
A,68.905,-4.622,12.77
A,70.583,-5.445,12.773
A,70.078,-0.172,15.977
A,70.838,0.465,17.039
A,70.175,0.341,18.408
A,70.77,0.728,19.424
A,71.047,1.947,16.707
A,68.917,-0.092,18.44
A,68.137,-0.047,19.67
A,68.634,-1.031,20.707
A,69.018,-2.142,20.371
A,66.687,-0.325,19.363
A,68.515,-0.656,21.98
A,68.591,-1.6,23.107
A,67.239,-2.288,23.294
A,67.166,-3.437,23.742
A,68.927,-0.851,24.403
A,70.327,-0.288,24.396
A,71.243,-1.043,24.05
A,70.501,0.921,24.62
A,66.172,-1.538,23.036
A,64.812,-2.044,23.225
A,63.89,-1.487,22.124
A,63.891,-0.264,21.855
A,64.281,-1.635,24.612
A,62.842,-2.116,24.938
A,62.778,-3.64,24.993
A,62.385,-1.499,26.258
A,63.145,-2.384,21.467
A,62.135,-1.971,20.49
A,60.759,-2.242,21.084
A,60.496,-3.346,21.586
A,62.269,-2.752,19.16
A,63.599,-2.391,18.456
A,61.078,-2.453,18.266
A,64.078,-3.436,17.414
A,59.902,-1.23,21.066
A,58.574,-1.343,21.65
A,57.595,-1.255,20.489
A,57.457,-0.207,19.869
A,58.311,-0.197,22.689
A,56.897,-0.313,23.277
A,59.377,-0.246,23.815
A,57.035,-2.398,20.111
A,56.208,-2.513,18.907
A,54.731,-2.369,19.261
A,54.194,-3.192,20.016
A,56.443,-3.872,18.244
A,54.051,-1.403,18.643
A,52.585,-1.308,18.765
A,51.925,-2.546,18.162
A,52.485,-3.195,17.274
A,52.059,-0.069,18.052
A,52.465,1.109,18.726
A,50.704,-2.875,18.597
A,50.111,-4.122,18.084
A,49.821,-4.065,16.58
A,49.733,-5.099,15.933
A,48.832,-4.289,18.925
A,48.492,-2.868,19.369
A,49.855,-2.221,19.608
A,49.709,-2.856,16.033
A,49.428,-2.688,14.614
A,50.588,-2.926,13.646
A,50.401,-2.798,12.444
A,51.79,-3.194,14.143
A,52.891,-3.581,13.257
A,53.174,-5.069,13.449
A,53.242,-5.546,14.576
A,54.205,-2.722,13.512
A,55.263,-3.019,12.434
A,54.8,-2.99,14.905
A,55.094,-2.177,11.175
A,53.239,-5.827,12.358
A,53.506,-7.258,12.466
A,54.959,-7.497,12.847
A,55.856,-6.839,12.337
A,53.2,-7.954,11.149
A,55.188,-8.455,13.735
A,56.546,-8.897,14.041
A,57.218,-9.461,12.784
A,58.438,-9.42,12.66
A,56.536,-9.962,15.142
A,56.321,-9.505,16.599
A,56.207,-10.732,17.46
A,57.487,-8.604,17.091
A,56.417,-9.906,11.825
A,56.962,-10.436,10.579
A,57.411,-9.348,9.595
A,57.924,-9.669,8.523
A,55.93,-11.359,9.91
A,57.211,-8.071,9.92
A,57.687,-7.006,9.035
A,59.197,-7.191,8.894
A,59.886,-7.435,9.874
A,57.411,-5.637,9.62
A,57.825,-4.511,8.732
A,59.148,-4.275,8.426
A,57.054,-3.587,8.115
A,59.155,-3.219,7.638
A,57.915,-2.764,7.423
A,59.719,-7.162,7.658
A,61.128,-7.527,7.458
A,62.11,-6.782,8.342
A,63.134,-7.343,8.717
A,61.361,-7.209,5.988
A,60.012,-7.458,5.375
A,59.058,-6.859,6.372
A,61.851,-5.505,8.615
A,62.756,-4.721,9.456
A,62.738,-5.21,10.899
A,63.777,-5.279,11.562
A,62.375,-3.245,9.434
A,62.618,-2.676,8.16
A,61.56,-5.604,11.367
A,61.385,-6.046,12.746
A,61.891,-7.48,12.888
A,62.548,-7.825,13.873
A,59.893,-5.933,13.131
A,59.466,-5.713,14.579
A,60.465,-4.806,15.312
A,58.054,-5.11,14.583
A,61.712,-8.267,11.83
A,62.24,-9.623,11.757
A,63.782,-9.599,11.794
A,64.4,-10.366,12.507
A,61.755,-10.264,10.452
A,61.893,-11.665,10.501
A,64.385,-8.632,11.115
A,65.844,-8.481,11.081
A,66.379,-8.123,12.453
A,67.415,-8.633,12.884
A,66.226,-7.392,10.086
A,65.664,-7.253,13.157
A,66.066,-6.833,14.498
A,66.015,-8.039,15.436
A,66.94,-8.281,16.213
A,65.129,-5.734,14.993
A,64.945,-8.825,15.326
A,64.801,-10.033,16.132
A,65.893,-11.043,15.79
A,66.464,-11.637,16.677
A,63.418,-10.639,15.931
A,66.264,-11.148,14.524
A,67.359,-12.038,14.121
A,68.684,-11.598,14.759
A,69.545,-12.438,15.03
A,67.551,-12.048,12.604
A,66.475,-12.805,11.87
A,65.735,-13.598,12.474
A,66.357,-12.598,10.653
A,68.84,-10.288,14.976
A,70.016,-9.711,15.636
A,69.968,-9.842,17.151
A,70.923,-9.509,17.837
A,70.178,-8.247,15.261
A,68.878,-10.379,17.667
A,68.753,-10.563,19.099
A,68.337,-9.297,19.832
A,68.458,-9.232,21.062
A,67.855,-8.288,19.113
A,67.426,-7.065,19.767
A,66.076,-7.301,20.429
A,65.184,-7.88,19.814
A,67.303,-5.923,18.768
A,68.69,-5.616,18.205
A,66.748,-4.71,19.432
A,68.696,-4.725,16.992
A,65.958,-6.928,21.699
A,64.751,-7.219,22.46
A,63.544,-6.426,21.925
A,63.613,-5.205,21.767
A,64.969,-6.896,23.939
A,63.798,-7.316,24.788
A,63.987,-7.041,26.254
A,64.768,-6.137,26.655
A,63.274,-7.699,27.022
A,62.418,-7.113,21.731
A,61.194,-6.485,21.199
A,60.05,-6.85,22.133
A,59.821,-8.041,22.425
A,60.837,-7.011,19.77
A,61.927,-6.62,18.763
A,59.493,-6.481,19.336
A,62,-7.528,17.539
A,59.354,-5.827,22.616
A,58.24,-6.008,23.545
A,57.108,-5.119,23.044
A,57.321,-4.292,22.149
A,58.639,-5.574,24.996
A,59.917,-6.276,25.425
A,58.833,-4.063,25.066
A,55.914,-5.275,23.611
A,54.866,-4.289,23.37
A,54.44,-3.542,24.621
A,55.042,-3.71,25.684
A,53.385,-2.743,24.527
A,52.99,-1.941,25.674
A,52.433,-2.822,26.78
A,52.614,-2.514,27.964
A,51.961,-0.855,25.305
A,50.6,-1.428,24.888
A,50.576,-2.329,24.02
A,49.561,-0.879,25.321
A,51.812,-3.947,26.418
A,51.264,-4.846,27.446
A,52.395,-5.518,28.23
A,52.304,-5.659,29.464
A,50.306,-5.912,26.831
A,49.092,-5.221,26.172
A,49.843,-6.911,27.907
A,48.233,-4.393,27.131
A,53.513,-5.808,27.555
A,54.721,-6.281,28.238
A,55.277,-5.265,29.222
A,55.594,-5.597,30.372
A,55.81,-6.647,27.236
A,57.112,-7.106,27.892
A,56.959,-8.294,28.828
A,55.996,-9.088,28.702
A,57.875,-8.488,29.655
A,55.356,-4.019,28.801
A,55.836,-2.978,29.693
A,54.921,-2.84,30.915
A,55.393,-2.556,32.018
A,55.905,-1.639,28.95
A,56.86,-1.54,27.748
A,56.682,-0.183,27.092
A,58.31,-1.743,28.214
A,53.608,-2.906,30.683
A,52.604,-2.787,31.754
A,52.791,-3.895,32.801
A,52.819,-3.626,34.002
A,51.2,-2.888,31.175
A,50.131,-2.832,32.205
A,49.673,-1.61,32.681
A,49.605,-4.016,32.737
A,48.703,-1.566,33.667
A,48.646,-3.99,33.732
A,48.189,-2.759,34.195
A,52.844,-5.139,32.334
A,53,-6.303,33.194
A,54.246,-6.193,34.072
A,54.24,-6.632,35.221
A,53.087,-7.564,32.336
A,51.512,-8.004,31.615
A,55.318,-5.618,33.53
A,56.568,-5.488,34.275
A,56.419,-4.503,35.426
A,57.25,-4.489,36.347
A,57.684,-5.001,33.356
A,58.112,-6.002,32.327
A,59.047,-5.33,31.344
A,59.572,-6.326,30.425
A,60.64,-6.147,29.656
A,61.293,-4.982,29.65
A,61.107,-7.175,28.969
A,55.42,-3.627,35.328
A,55.21,-2.554,36.306
A,54.037,-2.792,37.236
A,53.983,-2.2,38.295
A,54.979,-1.211,35.608
A,56.021,-0.866,34.551
A,57.405,-0.634,35.15
A,57.551,0.359,35.895
A,58.318,-1.46,34.928
A,53.02,-3.496,36.762
A,51.742,-3.609,37.477
A,51.941,-4.219,38.872
A,52.638,-5.235,39.022
A,50.798,-4.482,36.69
A,51.312,-3.622,39.877
A,51.454,-4.097,41.268
A,50.106,-4.52,41.867
A,49.881,-4.358,43.061
A,52.119,-3.005,42.153
A,53.545,-2.622,41.73
A,54.479,-3.815,41.738
A,54.417,-4.635,42.645
A,55.309,-3.95,40.7
A,49.163,-4.913,41.019
A,47.9,-5.46,41.488
A,47.622,-6.629,40.565
A,48.245,-6.755,39.517
A,46.785,-4.403,41.398
A,46.818,-7.586,41.018
A,46.485,-8.739,40.18
A,45.903,-8.315,38.837
A,45.146,-7.347,38.759
A,45.442,-9.482,41.004
A,45.723,-9.068,42.407
A,46.103,-7.623,42.302
A,46.157,-9.121,37.819
A,45.616,-8.858,36.488
A,44.679,-9.977,36.054
A,45.062,-11.158,36.067
A,46.751,-8.762,35.424
A,47.731,-7.63,35.777
A,46.161,-8.557,34.019
A,49.053,-7.732,35.008
A,43.462,-9.606,35.659
A,42.56,-10.504,34.938
A,42.736,-10.17,33.449
A,42.72,-9.001,33.082
A,41.085,-10.275,35.365
A,40.154,-11.13,34.523
A,40.916,-10.612,36.837
A,43.061,-11.183,32.646
A,43.416,-10.987,31.226
A,42.463,-11.764,30.331
A,42.261,-12.965,30.517
A,44.842,-11.435,30.98
A,41.903,-11.087,29.332
A,40.8,-11.632,28.539
A,41.116,-11.524,27.066
A,41.306,-10.423,26.572
A,39.487,-10.843,28.823
A,39.03,-11.131,30.256
A,38.36,-11.254,27.832
A,38.585,-9.902,31.02
A,41.223,-12.653,26.376
A,41.294,-12.609,24.903
A,40.274,-13.548,24.255
A,39.402,-14.084,24.93
A,42.754,-12.911,24.381
A,42.87,-12.531,22.992
A,43.115,-14.394,24.56
A,40.284,-13.62,22.929
A,39.27,-14.377,22.214
A,38.918,-13.623,20.939
A,39.152,-12.406,20.829
A,38.308,-14.321,19.983
A,37.96,-13.697,18.716
A,36.823,-12.688,18.877
A,36.839,-11.639,18.227
A,37.595,-14.767,17.696
A,38.716,-15.611,17.469
A,35.9,-12.964,19.807
A,34.73,-12.111,20.066
A,34.34,-12.14,21.538
A,34.531,-13.16,22.205
A,33.536,-12.585,19.24
A,33.707,-12.288,17.771
A,33.913,-11.12,17.396
A,33.764,-13.341,16.938
A,33.74,-11.047,22.005
A,33.235,-10.965,23.363
A,34.204,-10.349,24.339
A,33.847,-10.145,25.493
A,35.44,-10.066,23.913
A,36.466,-9.59,24.865
A,36.043,-8.29,25.618
A,36.173,-8.22,26.848
A,37.829,-9.335,24.181
A,38.454,-10.5,23.417
A,39.841,-10.093,22.807
A,39.73,-9.141,21.631
A,38.959,-9.762,20.532
A,35.546,-7.272,24.906
A,35.231,-5.999,25.577
A,34.068,-6.209,26.52
A,34.024,-5.62,27.596
A,34.846,-4.909,24.589
A,35.901,-4.595,23.7
A,33.098,-7.009,26.092
A,31.948,-7.314,26.934
A,32.375,-8.002,28.238
A,32.035,-7.534,29.331
A,30.935,-8.168,26.157
A,30.481,-7.413,25.03
A,29.716,-8.505,27.013
A,33.193,-9.044,28.144
A,33.617,-9.751,29.343
A,34.549,-8.894,30.195
A,34.416,-8.852,31.408
A,34.263,-11.13,28.97
A,34.879,-11.795,30.212
A,33.197,-12.041,28.36
A,35.407,-8.116,29.551
A,36.315,-7.22,30.276
A,35.537,-6.167,31.085
A,35.812,-5.939,32.281
A,37.298,-6.513,29.291
A,38.095,-7.509,28.651
A,38.229,-5.495,30.029
A,34.546,-5.559,30.445
A,33.71,-4.564,31.107
A,32.881,-5.184,32.236
A,32.819,-4.642,33.344
A,32.793,-3.882,30.101
A,33.588,-3.364,29.04
A,32.094,-2.712,30.736
A,32.35,-6.374,32.002
A,31.624,-7.099,33.036
A,32.468,-7.358,34.269
A,32.014,-7.127,35.384
A,31.097,-8.43,32.492
A,29.778,-8.427,31.714
A,29.502,-9.873,31.262
A,28.621,-7.909,32.587
A,33.666,-7.895,34.099
A,34.514,-8.142,35.254
A,34.845,-6.824,35.969
A,34.766,-6.744,37.191
A,35.807,-8.895,34.838
A,36.764,-9.065,36.032
A,35.439,-10.257,34.306
A,35.045,-5.75,35.211
A,35.212,-4.439,35.818
A,34.032,-3.991,36.675
A,34.207,-3.453,37.771
A,32.826,-4.245,36.187
A,31.611,-3.89,36.906
A,31.446,-4.756,38.136
A,31.002,-4.269,39.179
A,30.378,-4.048,36.005
A,30.307,-3.031,34.881
A,30.415,-1.612,35.405
A,29.532,-1.195,36.199
A,31.443,-0.944,35.119
A,31.856,-6.018,38.04
A,31.852,-6.909,39.195
A,32.782,-6.403,40.295
A,32.417,-6.409,41.474
A,32.27,-8.309,38.764
A,31.298,-8.901,37.759
A,31.753,-10.554,37.256
A,30.231,-11.064,36.385
A,33.965,-5.923,39.912
A,34.929,-5.381,40.869
A,34.44,-4.083,41.477
A,34.558,-3.876,42.679
A,36.258,-5.161,40.194
A,33.9,-3.199,40.649
A,33.272,-1.972,41.15
A,32.138,-2.27,42.129
A,31.997,-1.581,43.138
A,32.72,-1.146,39.999
A,33.767,-0.566,39.094
A,33.068,-0.038,37.852
A,34.006,0.706,36.925
A,33.174,1.51,35.961
A,31.312,-3.261,41.817
A,30.22,-3.627,42.706
A,30.755,-4.06,44.088
A,30.085,-3.868,45.106
A,29.361,-4.747,42.068
A,31.969,-4.608,44.127
A,32.583,-5.056,45.372
A,33.338,-3.904,46.023
A,33.953,-4.082,47.061
A,33.53,-6.234,45.113
A,33.31,-2.733,45.406
A,34.055,-1.613,45.934
A,35.558,-1.731,45.768
A,36.318,-1.097,46.504
A,36.008,-2.499,44.787
A,37.428,-2.579,44.465
A,37.824,-1.452,43.505
A,37.072,-1.08,42.597
A,37.742,-3.926,43.83
A,39.188,-3.977,43.33
A,37.481,-5.016,44.825
A,38.957,-0.83,43.774
A,39.517,0.141,42.843
A,40.122,-0.616,41.65
A,41.132,-1.304,41.811
A,40.607,0.968,43.525
A,41.181,2.03,42.607
A,41.709,1.726,41.536
A,41.066,3.286,43.013
A,39.412,-0.61,40.522
A,39.758,-1.467,39.376
A,40.16,-0.599,38.175
A,39.567,0.476,37.951
A,38.558,-2.424,39.023
A,37.356,-1.632,38.595
A,38.96,-3.451,37.968
A,41.204,-1.014,37.456
A,41.595,-0.321,36.243
A,41.24,-1.222,35.079
A,41.653,-2.376,35.052
A,40.482,-0.708,34.119
A,40.013,-1.511,32.993
A,40.595,-0.922,31.703
A,40.416,0.258,31.432
A,38.48,-1.484,32.912
A,38.009,-2.294,31.712
A,37.887,-2.042,34.181
A,41.31,-1.722,30.918
A,41.857,-1.195,29.681
A,42.486,-2.247,28.792
A,42.101,-3.415,28.847
A,43.42,-1.824,27.945
A,43.987,-2.716,26.941
A,43.346,-2.457,25.586
A,43.005,-1.31,25.242
A,43.118,-3.533,24.846
A,42.625,-3.455,23.483
A,41.211,-2.87,23.445
A,40.758,-2.396,22.392
A,42.637,-4.859,22.866
A,42.31,-4.848,21.368
A,43.062,-4.288,20.574
A,41.164,-5.423,20.995
A,40.54,-2.841,24.6
A,39.228,-2.2,24.717
A,39.268,-0.717,24.341
A,38.236,-0.147,24.003
A,38.643,-2.367,26.161
A,37.135,-2.06,26.163
A,39.391,-1.476,27.161
A,36.422,-2.633,27.363
A,40.427,-0.076,24.488
A,40.603,1.272,23.966
A,41.345,2.282,24.825
A,41.605,3.394,24.367
A,41.532,1.989,26.11
A,42.343,2.815,26.995
A,43.65,2.097,27.185
A,43.694,1.043,27.825
A,41.692,2.945,28.36
A,42.513,3.672,29.41
A,42.697,5.124,29.043
A,41.758,3.564,30.686
A,44.732,2.638,26.609
A,46.047,1.996,26.616
A,46.445,1.593,28.022
A,46.357,2.407,28.945
A,46.959,3.088,26.05
A,46.067,3.765,25.058
A,44.761,3.881,25.807
A,46.856,0.339,28.179
A,47.099,-0.24,29.505
A,48.078,0.587,30.375
A,47.902,0.693,31.597
A,47.615,-1.685,29.36
A,49.103,1.176,29.761
A,50.086,1.934,30.537
A,49.421,3.146,31.225
A,49.87,3.587,32.281
A,51.243,2.391,29.635
A,52.136,1.27,29.104
A,53.139,1.836,28.081
A,52.87,0.612,30.263
A,48.319,3.642,30.668
A,47.588,4.735,31.292
A,46.812,4.315,32.543
A,46.301,5.179,33.271
A,46.653,5.382,30.271
A,47.436,6.141,29.221
A,46.426,6.698,27.883
A,45.367,7.796,28.72
A,46.673,3.004,32.765
A,46.049,2.474,33.988
A,46.957,2.484,35.225
A,46.452,2.337,36.35
A,45.578,1.031,33.791
A,44.657,0.767,32.619
A,44.352,-0.709,32.586
A,43.388,1.566,32.792
A,48.28,2.481,35.026
A,49.207,2.232,36.142
A,49.003,3.246,37.271
A,49.11,4.464,37.073
A,50.675,2.237,35.674
A,51.084,1.052,34.798
A,52.457,1.302,34.173
A,51.122,-0.212,35.646
A,48.641,2.731,38.439
A,48.163,3.565,39.523
A,48.398,2.762,40.781
A,47.945,1.629,40.886
A,46.669,3.83,39.328
A,46.087,4.736,40.382
A,46.85,5.224,41.252
A,44.845,4.913,40.364
A,49.124,3.341,41.727
A,49.463,2.61,42.953
A,48.284,2.335,43.883
A,48.383,1.502,44.785
A,50.557,3.343,43.719
A,51.918,3.076,43.147
A,52.206,1.895,42.802
A,52.673,4.06,42.988
A,47.183,3.047,43.663
A,45.955,2.84,44.426
A,45.093,1.763,43.779
A,44.082,1.308,44.345
A,45.174,4.158,44.515
A,45.727,5.132,45.559
A,46.081,4.428,46.879
A,45.145,4.018,47.615
A,47.293,4.232,47.154
A,45.461,1.406,42.557
A,44.655,0.474,41.806
A,44.8,-0.904,42.428
A,45.918,-1.328,42.767
A,45.097,0.457,40.353
A,44.133,-0.73,39.456
A,43.672,-1.581,42.636
A,43.651,-2.854,43.355
A,43.455,-4.088,42.486
A,43.64,-5.214,42.946
A,42.557,-2.802,44.416
A,42.858,-1.735,45.419
A,41.71,-1.415,46.308
A,40.537,-1.67,45.946
A,42,-0.898,47.401
A,43.074,-3.879,41.228
A,42.821,-4.99,40.304
A,42.883,-4.394,38.905
A,42.325,-3.313,38.674
A,41.416,-5.577,40.542
A,40.989,-6.697,39.597
A,41.851,-7.954,39.847
A,39.495,-7.015,39.785
A,43.591,-5.055,38.004
A,43.566,-4.66,36.605
A,42.81,-5.697,35.79
A,42.997,-6.884,35.976
A,44.976,-4.532,36.055
A,45.769,-3.397,36.649
A,45.455,-2.058,36.364
A,46.882,-3.656,37.467
A,46.242,-0.995,36.869
A,47.667,-2.606,37.988
A,47.344,-1.291,37.686
A,48.107,-0.291,38.234
A,41.916,-5.232,34.919
A,41.218,-6.109,33.986
A,41.589,-5.687,32.562
A,41.328,-4.561,32.152
A,39.676,-6.036,34.151
A,39.005,-7.116,33.266
A,39.288,-6.215,35.623
A,42.311,-6.554,31.869
A,42.856,-6.211,30.572
A,42.183,-7.01,29.471
A,42.184,-8.266,29.49
A,44.368,-6.479,30.546
A,45.279,-5.716,31.511
A,46.72,-6.116,31.235
A,45.097,-4.231,31.325
A,41.625,-6.282,28.507
A,41.317,-6.88,27.205
A,42.595,-6.965,26.37
A,43.252,-5.944,26.133
A,40.282,-6.059,26.434
A,40.085,-6.633,25.004
A,39.042,-5.886,24.2
A,38.162,-5.257,24.814
A,39.072,-5.968,22.948
A,42.93,-8.17,25.905
A,44.167,-8.371,25.151
A,43.853,-8.942,23.779
A,43.103,-9.918,23.659
A,45.093,-9.329,25.903
A,45.517,-8.806,27.271
A,46.502,-9.789,27.906
A,46.162,-7.418,27.101
A,44.443,-8.362,22.747
A,44.32,-8.917,21.405
A,45.398,-9.973,21.187
A,46.427,-9.967,21.881
A,44.486,-7.813,20.372
A,45.816,-7.323,20.397
A,45.248,-10.766,20.121
A,46.286,-11.723,19.751
A,47.563,-10.969,19.389
A,48.656,-11.43,19.71
A,45.837,-12.623,18.578
A,45.614,-11.886,17.378
A,47.435,-9.782,18.804
A,48.619,-9.013,18.41
A,49.397,-8.622,19.653
A,50.628,-8.712,19.658
A,48.237,-7.732,17.696
A,47.512,-7.935,16.408
A,47.672,-9.119,15.671
A,46.659,-6.932,15.928
A,46.989,-9.289,14.469
A,45.98,-7.086,14.719
A,46.138,-8.262,13.987
A,48.685,-8.103,20.663
A,49.305,-7.732,21.959
A,49.991,-8.923,22.663
A,51.111,-8.802,23.147
A,48.267,-7.107,22.91
A,47.853,-5.689,22.525
A,46.641,-5.235,23.283
A,45.792,-6.036,23.631
A,46.505,-3.932,23.465
A,49.347,-10.078,22.644
A,49.918,-11.284,23.213
A,51.204,-11.752,22.53
A,52.117,-12.213,23.213
A,48.867,-12.386,23.2
A,47.782,-12.065,24.228
A,46.535,-12.913,24.011
A,48.366,-12.29,25.632
A,51.324,-11.543,21.217
A,52.546,-11.917,20.494
A,53.815,-11.319,21.109
A,54.891,-11.911,21.019
A,52.457,-11.505,19.015
A,51.52,-12.377,18.181
A,51.534,-11.968,16.704
A,52.608,-12.011,16.07
A,50.479,-11.561,16.195
A,53.7,-10.105,21.648
A,54.85,-9.35,22.133
A,54.899,-9.322,23.657
A,55.702,-8.604,24.238
A,54.855,-7.88,21.605
A,53.636,-7.243,21.97
A,54.996,-7.829,20.079
A,54.145,-10.213,24.285
A,54.076,-10.246,25.741
A,54.652,-11.567,26.267
A,54.231,-12.647,25.846
A,52.619,-10.089,26.227
A,52.063,-8.916,25.628
A,52.564,-9.95,27.766
A,55.479,-11.457,27.308
A,56.193,-12.599,27.888
A,56.161,-12.631,29.442
A,56.346,-13.687,30.036
A,57.637,-12.57,27.387
A,58.267,-11.37,27.816
A,55.808,-11.508,30.074
A,55.778,-11.411,31.535
A,54.383,-11.332,32.142
A,54.245,-10.888,33.279
A,56.544,-10.178,32.007
A,57.876,-10.275,31.573
A,53.349,-11.747,31.419
A,52.014,-11.752,32.019
A,51.875,-13.001,32.914
A,52.165,-14.115,32.473
A,50.923,-11.74,30.932
A,49.461,-11.891,31.404
A,49.011,-10.7,32.236
A,48.56,-12.04,30.177
A,51.539,-12.794,34.187
A,51.168,-13.903,35.066
A,49.812,-13.57,35.68
A,49.726,-12.88,36.692
A,52.225,-14.094,36.154
A,53.622,-14.284,35.572
A,54.625,-14.839,36.589
A,54.334,-14.983,37.776
A,55.812,-15.172,36.108
A,48.763,-13.852,34.926
A,47.434,-13.374,35.259
A,46.925,-14.124,36.483
A,47.186,-15.307,36.615
A,46.519,-13.62,34.085
A,46.155,-13.463,37.342
A,45.433,-14.201,38.366
A,44.363,-15.091,37.714
A,44.168,-16.225,38.122
A,44.816,-13.243,39.448
A,43.69,-12.357,38.876
A,44.288,-14.051,40.602
A,43.77,-14.636,36.613
A,42.761,-15.427,35.923
A,42.826,-15.012,34.444
A,42.948,-13.816,34.156
A,41.373,-15.121,36.501
A,42.905,-15.987,33.539
A,43.008,-15.692,32.118
A,42.05,-16.55,31.334
A,41.855,-17.714,31.676
A,44.426,-15.937,31.642
A,41.516,-16.013,30.233
A,40.621,-16.752,29.347
A,40.883,-16.446,27.852
A,41.294,-15.336,27.478
A,39.121,-16.437,29.672
A,38.28,-17.298,28.911
A,38.75,-15.007,29.288
A,40.727,-17.472,27.027
A,40.413,-17.294,25.611
A,38.924,-17.646,25.462
A,38.516,-18.782,25.729
A,41.216,-18.241,24.701
A,42.723,-18.069,24.933
A,40.825,-17.981,23.246
A,43.568,-19.116,24.164
A,38.111,-16.679,25.057
A,36.661,-16.875,25.063
A,36.237,-17.792,23.921
A,35.275,-18.573,24.034
A,35.947,-15.514,24.965
A,36.114,-14.513,26.138
A,35.493,-13.185,25.756
A,35.47,-15.07,27.438
A,36.966,-17.697,22.812
A,36.645,-18.453,21.599
A,37.721,-18.159,20.561
A,38.444,-17.17,20.671
A,35.239,-18.079,21.065
A,35.015,-16.582,20.969
A,35.637,-15.922,20.173
A,34.197,-16.037,21.841
A,37.887,-19.063,19.6
A,38.838,-18.852,18.505
A,38.143,-19.147,17.184
A,37.814,-20.307,16.897
A,40.078,-19.769,18.624
A,41.057,-19.476,17.473
A,40.769,-19.572,19.969
A,37.831,-18.105,16.432
A,37.269,-18.294,15.113
A,38.047,-17.396,14.152
A,38.714,-16.455,14.579
A,35.734,-17.953,15.085
A,35.533,-16.616,15.532
A,34.936,-18.912,15.983
A,38.012,-17.731,12.859
A,38.829,-17.04,11.861
A,38.744,-15.536,11.962
A,37.669,-14.944,11.827
A,38.436,-17.476,10.433
A,39.326,-16.846,9.37
A,38.983,-17.299,7.979
A,39.474,-18.337,7.538
A,38.177,-16.644,7.338
A,39.891,-14.912,12.154
A,39.964,-13.46,12.157
A,41.415,-13.144,11.946
A,42.255,-14.028,12.106
A,39.494,-12.915,13.514
A,39.149,-11.42,13.488
A,39.307,-10.735,12.438
A,38.658,-10.939,14.538
A,41.696,-11.92,11.517
A,43.064,-11.411,11.45
A,43.992,-12.244,10.572
A,45.205,-12.245,10.765
A,43.641,-11.306,12.857
A,42.917,-10.305,13.712
A,42.817,-8.971,13.403
A,42.157,-10.485,14.826
A,42.021,-8.383,14.324
A,41.595,-9.267,15.208
A,43.434,-12.867,9.548
A,44.218,-13.75,8.69
A,45.191,-12.973,7.819
A,46.238,-13.503,7.47
A,43.298,-14.63,7.836
A,42.518,-15.64,8.66
A,43.543,-16.989,9.301
A,43.664,-16.588,11.01
A,44.953,-11.668,7.641
A,45.933,-10.824,6.978
A,47.235,-10.657,7.767
A,48.214,-10.139,7.242
A,45.349,-9.458,6.646
A,44.915,-8.672,7.882
A,44.493,-9.264,8.906
A,44.869,-7.424,7.772
A,47.208,-11.023,9.046
A,48.362,-10.925,9.931
A,48.92,-12.285,10.341
A,49.922,-12.345,11.059
A,47.983,-10.141,11.199
A,48.081,-8.626,11.041
A,49.531,-8.152,11.2
A,50.055,-8.356,12.562
A,49.979,-7.454,13.552
A,49.37,-6.275,13.372
A,50.593,-7.694,14.705
A,48.258,-13.369,9.931
A,48.663,-14.723,10.317
A,48.79,-15.601,9.067
A,47.878,-16.368,8.743
A,47.647,-15.311,11.309
A,47.693,-14.617,12.65
A,48.824,-14.714,13.453
A,46.656,-13.784,13.067
A,48.942,-13.993,14.663
A,46.758,-13.036,14.264
A,47.905,-13.148,15.053
A,48.048,-12.404,16.2
A,49.94,-15.518,8.366
A,50.094,-16.246,7.097
A,50.178,-17.765,7.297
A,50.091,-18.515,6.337
A,51.38,-15.668,6.516
A,52.191,-15.304,7.725
A,51.165,-14.76,8.697
A,50.317,-18.219,8.538
A,50.217,-19.643,8.803
A,48.893,-20.026,9.395
A,48.753,-21.107,9.976
A,51.344,-20.095,9.698
A,52.701,-19.908,9.081
A,53.326,-18.656,9.111
A,53.288,-20.945,8.354
A,54.513,-18.421,8.41
A,54.479,-20.723,7.649
A,55.085,-19.452,7.678
A,47.906,-19.16,9.195
A,46.518,-19.554,9.362
A,45.987,-19.653,10.781
A,46.586,-19.127,11.746
A,44.865,-20.358,10.913
A,44.127,-20.382,12.161
A,44.976,-20.836,13.357
A,44.859,-20.287,14.438
A,42.902,-21.268,12.021
A,41.852,-21.057,13.12
A,41.102,-19.731,12.918
A,40.871,-22.217,13.095
A,45.808,-21.861,13.188
A,46.611,-22.34,14.311
A,47.7,-21.37,14.758
A,48.091,-21.375,15.913
A,47.224,-23.71,14.005
A,46.193,-24.811,13.809
A,45.181,-24.929,14.958
A,45.546,-25.012,16.136
A,43.9,-24.976,14.602
A,48.173,-20.512,13.867
A,49.172,-19.517,14.264
A,48.485,-18.427,15.11
A,48.981,-18.019,16.17
A,49.847,-18.906,13.023
A,50.954,-17.934,13.35
A,51.402,-17.118,12.153
A,50.727,-17.078,11.141
A,52.489,-16.381,12.305
A,47.329,-17.991,14.631
A,46.454,-17.054,15.329
A,46.1,-17.59,16.713
A,46.338,-16.928,17.721
A,45.205,-16.89,14.475
A,44.057,-16.138,15.082
A,44.24,-14.878,15.65
A,42.771,-16.658,14.999
A,43.155,-14.147,16.118
A,41.681,-15.953,15.47
A,41.873,-14.697,16.023
A,40.767,-13.994,16.456
A,45.712,-18.859,16.772
A,45.402,-19.519,18.031
A,46.607,-19.557,18.968
A,46.479,-19.332,20.184
A,44.922,-20.94,17.75
A,44.619,-21.689,19.013
A,44.588,-23.175,18.749
A,44.236,-23.886,19.97
A,44.391,-25.184,20.131
A,44.867,-25.922,19.125
A,44.074,-25.746,21.291
A,47.789,-19.815,18.41
A,48.998,-19.893,19.209
A,49.285,-18.586,19.883
A,49.784,-18.565,20.999
A,50.189,-20.291,18.34
A,48.994,-17.491,19.207
A,49.202,-16.178,19.797
A,48.309,-16.03,21.037
A,48.773,-15.616,22.103
A,48.897,-15.066,18.766
A,47.062,-16.471,20.923
A,46.108,-16.377,22.031
A,44.686,-16.632,21.543
A,44.165,-15.556,20.644
A,42.645,-15.62,20.586
A,42.067,-14.586,19.62
A,42.323,-13.211,20.065
A,46.442,-17.312,23.206
A,46.304,-16.919,24.359
A,41.968,-12.122,19.391
A,41.38,-12.212,18.293
A,42.21,-10.974,19.828
A,46.967,-18.503,22.919
A,47.364,-19.448,23.961
A,48.478,-18.929,24.874
A,48.582,-19.353,26.028
A,47.79,-20.776,23.328
A,46.668,-21.628,22.736
A,47.275,-22.781,21.909
A,45.76,-22.14,23.867
A,49.215,-17.917,24.438
A,50.218,-17.289,25.304
A,49.631,-16.708,26.579
A,50.342,-16.594,27.574
A,50.947,-16.176,24.565
A,51.715,-16.639,23.336
A,52.331,-15.451,22.61
A,53.344,-14.802,23.438
A,54.538,-15.328,23.689
A,54.884,-16.509,23.162
A,55.359,-14.718,24.536
A,48.339,-16.355,26.559
A,47.691,-15.707,27.695
A,47.66,-16.612,28.947
A,47.677,-16.134,30.086
A,46.243,-15.252,27.322
A,45.799,-14.092,28.234
A,45.272,-16.448,27.315
A,44.534,-13.399,27.753
A,47.645,-17.922,28.726
A,47.573,-18.854,29.827
A,48.911,-19.107,30.518
A,48.927,-19.651,31.634
A,46.996,-20.171,29.349
A,45.605,-20.087,28.798
A,44.557,-19.504,29.529
A,45.303,-20.727,27.62
A,43.24,-19.602,29.096
A,44.009,-20.815,27.183
A,42.988,-20.266,27.915
A,41.729,-20.392,27.397
A,50.024,-18.75,29.864
A,51.357,-18.98,30.432
A,51.473,-18.289,31.778
A,51.246,-17.083,31.892
A,52.458,-18.478,29.481
A,52.65,-19.331,28.189
A,53.591,-18.697,27.114
A,54.153,-17.584,27.293
A,53.742,-19.32,26.035
A,51.692,-19.091,32.817
A,51.863,-18.58,34.171
A,50.604,-17.938,34.774
A,50.67,-17.237,35.794
A,53.029,-17.592,34.203
A,54.344,-18.263,33.88
A,54.643,-19.337,34.409
A,55.103,-17.685,32.962
A,49.455,-18.222,34.18
A,48.185,-17.78,34.739
A,47.864,-18.641,35.959
A,47.998,-19.856,35.896
A,47.099,-17.945,33.702
A,47.358,-18.048,37.033
A,47.014,-18.842,38.204
A,45.817,-19.746,37.919
A,45.813,-20.93,38.284
A,46.745,-17.917,39.393
A,46.416,-18.645,40.691
A,46.66,-17.729,41.897
A,45.452,-17.661,42.818
A,45.68,-16.693,43.95
A,44.768,-19.171,37.342
A,43.597,-19.938,36.932
A,43.448,-19.714,35.432
A,43.559,-18.583,34.977
A,42.319,-19.406,37.636
A,41.077,-20.119,37.093
A,42.459,-19.542,39.162
A,43.193,-20.77,34.668
A,42.852,-20.6,33.267
A,41.399,-20.936,33.086
A,40.919,-21.899,33.688
A,43.726,-21.489,32.375
A,43.68,-21.538,32.398
A,43.95,-23.194,32.965
A,45.416,-21.187,32.456
A,40.687,-20.108,32.323
A,39.244,-20.294,32.092
A,39.018,-20.561,30.61
A,39.413,-19.75,29.779
A,38.405,-19.032,32.516
A,36.916,-19.216,32.103
A,38.538,-18.787,34.053
A,38.554,-21.769,30.287
A,38.359,-22.188,28.898
A,36.878,-22.321,28.545
A,36.02,-22.383,29.424
A,39.072,-23.555,28.583
A,40.57,-23.474,28.955
A,38.383,-24.701,29.333
A,36.602,-22.353,27.246
A,35.264,-22.517,26.701
A,35.132,-23.997,26.373
A,35.831,-24.525,25.491
A,35.133,-21.682,25.423
A,33.741,-21.683,24.862
A,32.933,-22.545,25.177
A,33.463,-20.738,23.991
A,34.258,-24.666,27.112
A,34.068,-26.108,26.988
A,33.517,-26.466,25.609
A,33.7,-27.582,25.129
A,33.113,-26.61,28.089
A,32.906,-25.496,24.944
A,32.35,-25.727,23.62
A,33.31,-25.329,22.497
A,32.946,-25.394,21.331
A,31.034,-24.957,23.463
A,29.969,-25.426,24.425
A,29.794,-26.639,24.565
A,29.328,-24.589,25.068
A,34.516,-24.89,22.841
A,35.492,-24.498,21.827
A,36.843,-25.069,22.18
A,37.591,-24.48,22.947
A,35.586,-22.966,21.714
A,36.379,-22.498,20.471
A,37.203,-23.271,19.904
A,36.16,-21.339,20.058
A,37.183,-26.185,21.551
A,38.432,-26.875,21.855
A,39.66,-25.999,21.634
A,40.694,-26.209,22.274
A,38.565,-28.152,21.029
A,39.586,-25.076,20.683
A,40.748,-24.256,20.377
A,41.1,-23.269,21.498
A,42.213,-22.749,21.541
A,40.528,-23.501,19.068
A,40.329,-24.324,17.792
A,40.347,-23.383,16.59
A,41.434,-25.344,17.663
A,40.19,-23.091,22.459
A,40.48,-22.244,23.625
A,41.32,-22.961,24.71
A,41.759,-22.355,25.678
A,39.169,-21.689,24.256
A,38.409,-22.764,24.813
A,38.339,-20.983,23.22
A,41.497,-24.271,24.57
A,42.135,-25.051,25.612
A,43.647,-25.176,25.415
A,44.123,-25.379,24.292
A,41.49,-26.427,25.667
A,40.078,-26.384,26.197
A,39.227,-27.837,25.691
A,37.458,-27.21,25.62
A,44.424,-24.963,26.493
A,45.883,-25.134,26.47
A,46.313,-26.56,26.822
A,45.502,-27.373,27.286
A,46.348,-24.155,27.535
A,45.286,-24.281,28.58
A,43.975,-24.427,27.791
A,47.616,-26.819,26.71
A,48.253,-27.975,27.366
A,49.235,-27.425,28.402
A,50.034,-26.532,28.082
A,49.112,-28.829,26.378
A,48.388,-29.035,25.041
A,49.461,-30.169,27.026
A,48.506,-27.85,24.07
A,47.245,-28.116,37.014
A,45.954,-28.805,37.001
A,44.964,-28.109,36.053
A,45.271,-27.049,35.48
A,45.377,-28.882,38.425
A,43.771,-28.684,35.928
A,42.894,-28.375,34.81
A,42.409,-26.928,34.839
A,42.442,-26.265,35.876
A,41.7,-29.335,34.798
A,42.099,-30.802,34.865
A,41.862,-31.552,33.542
A,41.931,-33.014,33.715
A,41.108,-33.896,33.137
A,40.131,-33.485,32.321
A,41.222,-35.195,33.428
A,42.012,-26.427,33.679
A,41.363,-25.136,33.595
A,39.928,-25.241,34.098
A,39.287,-26.299,33.982
A,41.389,-24.64,32.156
A,41.328,-24.68,32.151
A,43.079,-24.329,31.536
A,42.892,-24.899,31.343
A,39.416,-24.136,34.624
A,37.984,-23.992,34.831
A,37.368,-23.843,33.456
A,37.971,-23.256,32.579
A,37.678,-22.726,35.653
A,36.195,-22.628,35.933
A,38.461,-22.765,36.958
A,36.135,-24.289,33.287
A,35.478,-24.172,31.995
A,34.111,-23.522,32.133
A,33.472,-23.601,33.186
A,35.332,-25.555,31.328
A,34.47,-26.407,32.072
A,33.667,-22.881,31.066
A,32.293,-22.424,30.975
A,31.742,-22.934,29.674
A,32.494,-23.115,28.72
A,32.242,-20.897,30.993
A,32.847,-20.24,29.768
A,34.199,-19.9,29.744
A,32.049,-19.886,28.685
A,34.747,-19.208,28.654
A,32.589,-19.194,27.582
A,33.941,-18.857,27.571
A,30.439,-23.138,29.592
A,29.858,-23.619,28.351
A,28.352,-23.528,28.43
A,27.807,-23.038,29.414
A,27.668,-24.004,27.4
A,26.216,-23.917,27.365
A,25.641,-25.092,28.143
A,25.055,-24.914,29.219
A,25.674,-23.923,25.89
A,24.14,-23.984,25.866
A,26.15,-22.653,25.164
A,25.938,-26.294,27.666
A,25.383,-27.497,28.272
A,26.381,-28.188,29.155
A,26.059,-29.198,29.761
A,24.906,-28.483,27.207
A,23.844,-27.904,26.335
A,22.934,-27.232,26.82
A,24.043,-27.996,25.028
A,27.624,-27.749,29.117
A,28.643,-28.378,29.931
A,29.613,-27.321,30.387
A,29.615,-26.228,29.838
A,29.371,-29.458,29.13
A,29.811,-29.045,27.727
A,30.518,-30.457,26.794
A,30.54,-29.764,25.119
A,30.398,-27.638,31.411
A,31.4,-26.715,31.916
A,31.219,-26.537,33.406
A,30.165,-26.875,33.936
A,32.244,-26.097,34.118
A,32.055,-25.796,35.532
A,30.995,-24.714,35.71
A,30.296,-24.67,36.724
A,33.358,-25.331,36.149
A,34.407,-26.382,36.099
A,34.115,-27.538,36.483
A,35.506,-26.076,35.614
A,30.978,-23.783,34.764
A,29.978,-22.721,34.695
A,29.183,-22.978,33.414
A,29.767,-23.175,32.353
A,30.668,-21.343,34.607
A,31.492,-20.946,35.816
A,32.654,-21.641,36.163
A,31.111,-19.873,36.626
A,33.41,-21.278,37.3
A,31.863,-19.508,37.751
A,33.001,-20.211,38.075
A,33.749,-19.838,39.163
A,27.868,-23.106,33.521
A,27.086,-23.486,32.382
A,25.67,-22.96,32.511
A,25.345,-22.263,33.477
A,27.103,-25.011,32.199
A,26.626,-25.775,33.393
A,27.438,-26.154,34.435
A,25.365,-26.097,33.778
A,26.667,-26.645,35.417
A,25.398,-26.638,35.063
A,24.862,-23.203,31.482
A,23.49,-22.7,31.422
A,22.508,-23.802,31.799
A,22.767,-24.986,31.599
A,23.169,-22.17,30.018
A,24.09,-21.067,29.471
A,23.553,-20.542,28.154
A,24.179,-19.937,30.462
A,21.405,-23.399,32.402
A,20.336,-24.314,32.742
A,19.011,-23.768,32.209
A,18.677,-22.612,32.441
A,20.293,-24.47,34.262
A,19.162,-25.353,34.742
A,18.556,-25.062,35.78
A,18.97,-26.502,34.093
A,18.413,-24.536,31.304
A,16.994,-24.448,30.906
A,17.105,-23.952,29.463
A,17.716,-24.638,28.655
A,16.173,-23.457,31.788
A,15.53,-24.057,33.011
A,16.206,-24.406,34.163
A,14.206,-24.156,33.334
A,15.308,-24.719,35.126
A,14.073,-24.576,34.679
A,12.864,-19.931,29.977
A,13.708,-19.447,31.075
A,15.143,-19.996,31.055
A,15.338,-21.176,30.836
A,13.065,-19.811,32.401
A,13.347,-18.793,33.465
A,12.44,-18.955,34.664
A,12.426,-20.085,35.228
A,11.792,-17.939,35.043
A,16.134,-19.14,31.284
A,17.532,-19.577,31.34
A,18.211,-19.12,32.613
A,18.096,-17.961,33.008
A,18.358,-19.06,30.099
A,17.733,-19.524,28.901
A,19.787,-19.579,30.119
A,19.03,-20.019,33.153
A,19.791,-19.769,34.359
A,21.279,-19.923,34.073
A,21.68,-20.817,33.341
A,19.401,-20.775,35.459
A,18.02,-20.573,35.983
A,16.856,-20.986,35.404
A,17.658,-19.946,37.219
A,15.791,-20.671,36.215
A,16.258,-20.03,37.341
A,18.392,-19.304,38.248
A,15.553,-19.507,38.452
A,17.69,-18.783,39.368
A,16.288,-18.891,39.448
A,22.074,-19.06,34.687
A,23.495,-19.284,34.92
A,23.648,-20.217,36.126
A,23.067,-19.948,37.187
A,24.198,-17.945,35.237
A,23.979,-16.762,34.286
A,24.927,-15.625,34.679
A,24.186,-17.204,32.846
A,24.468,-21.264,35.98
A,24.759,-22.199,37.078
A,26.248,-22.376,37.269
A,27.012,-22.213,36.328
A,24.181,-23.569,36.788
A,22.717,-23.563,36.588
A,22.137,-24.839,37.09
A,22.728,-25.995,36.437
A,22.112,-27.174,36.325
A,20.902,-27.355,36.838
A,22.674,-28.158,35.63
A,26.666,-22.727,38.475
A,28.06,-23.038,38.718
A,28.074,-24.402,39.378
A,27.409,-24.608,40.393
A,28.739,-21.995,39.637
A,30.187,-22.388,39.847
A,28.627,-20.576,39.034
A,28.572,-25.382,38.64
A,28.565,-26.769,39.085
A,27.171,-27.192,39.561
A,27,-27.732,40.665
A,29.581,-26.979,40.213
A,30.994,-26.593,39.87
A,31.807,-26.65,41.129
A,33.272,-26.825,40.807
A,34.026,-25.519,40.785
A,26.163,-26.914,38.754
A,24.859,-27.477,39.047
A,24.001,-26.618,39.949
A,22.784,-26.794,39.957
A,24.593,-25.605,40.581
A,23.841,-24.688,41.453
A,23.399,-23.436,40.714
A,24.237,-22.733,40.138
A,24.699,-24.277,42.646
A,24.101,-23.192,43.534
A,25.007,-22.862,44.691
A,25.725,-23.773,45.143
A,25.074,-21.696,45.103
A,22.112,-23.106,40.778
A,21.638,-21.899,40.127
A,22.238,-20.679,40.826
A,22.235,-20.59,42.067
A,20.117,-21.82,40.181
A,19.373,-22.704,39.151
A,17.871,-22.675,39.469
A,17.008,-23.25,38.34
A,17.184,-24.706,38.177
A,22.748,-19.73,40.049
A,23.197,-18.463,40.617
A,22.489,-17.225,40.044
A,22.419,-16.204,40.713
A,24.758,-18.294,40.519
A,25.467,-19.521,41.128
A,25.199,-18.105,39.054
A,21.867,-17.325,38.866
A,21.141,-16.164,38.328
A,20.195,-16.532,37.206
A,20.584,-17.233,36.281
A,22.123,-15.089,37.825
A,21.503,-13.745,37.416
A,21.172,-12.987,38.659
A,22.448,-12.946,36.516
A,18.94,-16.098,37.32
A,17.957,-16.204,36.251
A,18.247,-15.05,35.294
A,18.19,-13.899,35.704
A,16.569,-16.027,36.845
A,15.471,-16.228,35.834
A,15.622,-15.912,34.644
A,14.336,-16.738,36.296
A,18.533,-15.341,34.019
A,19.061,-14.303,33.122
A,18.004,-13.28,32.748
A,18.325,-12.262,32.128
A,19.638,-14.878,31.832
A,20.695,-15.927,32.148
A,18.527,-15.47,30.983
A,16.769,-13.479,33.228
A,15.734,-12.448,33.092
A,16.154,-11.224,33.895
A,15.746,-10.103,33.589
A,14.369,-12.976,33.58
A,14.236,-12.995,35.12
A,12.857,-13.419,35.617
A,12.798,-13.29,37.137
A,11.487,-13.785,37.633
A,17.069,-11.418,34.839
A,17.586,-10.309,35.627
A,18.654,-9.524,34.894
A,19.092,-8.493,35.386
A,18.162,-10.796,36.956
A,17.161,-11.492,37.837
A,16.002,-10.599,38.208
A,16.207,-9.369,38.359
A,14.878,-11.122,38.33
A,19.171,-10.071,33.802
A,20.243,-9.393,33.056
A,19.628,-8.408,32.061
A,18.493,-8.607,31.593
A,21.12,-10.4,32.292
A,21.993,-11.267,33.171
A,22.931,-12.49,32.221
A,23.895,-11.387,31.137
A,20.414,-7.396,31.696
A,20.022,-6.418,30.688
A,20.487,-6.861,29.286
A,19.973,-6.371,28.286
A,20.611,-5.047,31.032
A,20.359,-4.629,32.451
A,18.893,-4.416,32.65
A,18.586,-4.015,34.089
A,18.262,-5.217,34.939
A,21.495,-7.736,29.225
A,21.937,-8.35,27.971
A,21.098,-9.597,27.686
A,20.575,-10.24,28.607
A,23.413,-8.759,28.069
A,24.483,-7.732,28.425
A,25.823,-8.405,28.547
A,24.538,-6.699,27.345
A,20.989,-9.973,26.422
A,20.399,-11.258,26.086
A,21.193,-11.908,24.977
A,22.229,-11.386,24.557
A,18.927,-11.099,25.671
A,18.783,-10.21,24.57
A,20.72,-13.052,24.513
A,21.459,-13.772,23.504
A,22.371,-14.738,24.207
A,22.995,-14.388,25.211
A,22.444,-15.949,23.665
A,23.171,-17.049,24.28
A,24.653,-16.755,24.492
A,25.199,-17.077,25.543
A,23.024,-18.326,23.453
A,23.588,-19.514,24.176
A,23.392,-20.811,23.428
A,24.222,-21.192,22.585
A,22.334,-21.534,23.766
A,25.286,-16.085,23.532
A,26.695,-15.762,23.671
A,26.915,-14.755,24.784
A,27.999,-14.726,25.382
A,27.269,-15.235,22.35
A,26.501,-14.103,21.764
A,25.292,-14.297,21.137
A,26.769,-12.771,21.807
A,24.846,-13.094,20.833
A,25.711,-12.14,21.208
A,25.9,-13.939,25.09
A,26.044,-12.985,26.187
A,25.818,-13.653,27.532
A,26.451,-13.278,28.523
A,25.125,-11.775,26.01
A,25.699,-10.76,25.049
A,26.907,-10.512,25.024
A,24.851,-10.185,24.241
A,25.068,-14.752,27.53
A,24.946,-15.582,28.727
A,26.22,-16.322,29.005
A,26.679,-16.33,30.152
A,23.783,-16.562,28.596
A,22.449,-15.849,28.372
A,22.229,-14.56,28.89
A,21.422,-16.445,27.629
A,21.022,-13.881,28.668
A,20.203,-15.765,27.424
A,20.024,-14.489,27.949
A,18.834,-13.823,27.751
A,26.867,-16.86,27.973
A,28.178,-17.476,28.205
A,29.284,-16.44,28.473
A,30.198,-16.715,29.243
A,28.594,-18.469,27.069
A,28.646,-17.794,25.807
A,27.578,-19.632,26.975
A,29.13,-15.209,27.968
A,30.053,-14.131,28.36
A,29.922,-13.854,29.861
A,30.923,-13.606,30.546
A,29.786,-12.816,27.618
A,30.271,-12.832,26.166
A,31.057,-13.691,25.742
A,29.755,-11.897,25.385
A,28.682,-13.877,30.357
A,28.418,-13.673,31.784
A,29.05,-14.797,32.608
A,29.627,-14.554,33.678
A,26.893,-13.612,32.033
A,28.955,-16.023,32.103
A,29.586,-17.165,32.779
A,31.112,-16.992,32.856
A,31.722,-17.201,33.91
A,29.254,-18.478,32.045
A,27.822,-19.019,32.105
A,27.785,-20.269,31.236
A,27.404,-19.327,33.565
A,31.722,-16.592,31.746
A,33.17,-16.414,31.717
A,33.583,-15.31,32.673
A,34.603,-15.431,33.372
A,33.623,-16.078,30.302
A,32.795,-14.231,32.703
A,33.092,-13.086,33.555
A,32.973,-13.512,35.024
A,33.88,-13.256,35.826
A,32.14,-11.94,33.245
A,31.95,-14.299,35.348
A,31.821,-14.782,36.719
A,32.978,-15.704,37.095
A,33.491,-15.634,38.215
A,30.508,-15.521,36.908
A,30.124,-15.75,38.373
A,29.834,-14.38,39.02
A,28.879,-16.654,38.446
A,33.356,-16.606,36.192
A,34.498,-17.484,36.437
A,35.784,-16.692,36.73
A,36.524,-17.004,37.681
A,34.705,-18.442,35.253
A,36.046,-15.652,35.943
A,37.233,-14.831,36.162
A,37.129,-14.07,37.483
A,38.104,-13.962,38.223
A,37.411,-13.853,34.994
A,37.721,-14.517,33.632
A,37.476,-13.507,32.511
A,39.177,-15.069,33.607
A,35.955,-13.528,37.774
A,35.747,-12.768,39.002
A,35.926,-13.647,40.221
A,36.517,-13.219,41.207
A,34.337,-12.144,39.005
A,35.354,-14.844,40.176
A,35.527,-15.811,41.245
A,37.001,-16.101,41.455
A,37.487,-16.11,42.6
A,34.803,-17.124,40.937
A,33.301,-17.025,41.093
A,32.771,-16.024,41.615
A,32.634,-17.972,40.663
A,37.722,-16.302,40.353
A,39.13,-16.683,40.431
A,39.989,-15.545,40.99
A,41.006,-15.775,41.659
A,39.634,-17.125,39.04
A,39.576,-14.312,40.733
A,40.259,-13.143,41.255
A,39.854,-12.867,42.725
A,40.399,-11.964,43.359
A,39.953,-11.93,40.377
A,38.909,-13.647,43.259
A,38.528,-13.498,44.656
A,37.407,-12.495,44.923
A,37.145,-12.126,46.085
A,36.719,-12.046,43.873
A,35.642,-11.078,44.056
A,34.443,-11.784,44.66
A,34.191,-12.958,44.387
A,35.242,-10.428,42.727
A,36.32,-9.56,42.093
A,35.835,-9.072,40.734
A,36.624,-8.378,43.028
A,33.76,-11.111,45.585
A,32.645,-11.763,46.274
A,31.547,-12.059,45.258
A,31.219,-11.208,44.425
A,32.217,-10.714,47.315
A,33.424,-9.833,47.477
A,34.023,-9.761,46.106
A,30.988,-13.258,45.282
A,30.038,-13.574,44.246
A,28.741,-12.79,44.283
A,28.173,-12.48,43.236
A,29.704,-15.045,44.175
A,29.116,-15.257,42.8
A,28.686,-16.601,42.567
A,29.824,-17.46,42.365
A,29.769,-18.755,42.595
A,28.633,-19.289,43.045
A,30.817,-19.517,42.327
A,28.305,-12.413,45.473
A,27.068,-11.674,45.602
A,27.128,-10.401,44.78
A,26.212,-10.121,44.011
A,26.811,-11.331,47.062
A,28.179,-9.606,44.981
A,28.325,-8.355,44.243
A,28.602,-8.588,42.746
A,28.206,-7.768,41.913
A,29.417,-7.477,44.858
A,30.534,-8.256,45.226
A,29.234,-9.715,42.41
A,29.46,-10.074,41.005
A,28.135,-10.363,40.285
A,27.893,-9.885,39.181
A,30.418,-11.269,40.926
A,31.706,-10.869,41.378
A,27.231,-11.048,40.965
A,25.906,-11.28,40.413
A,25.125,-9.966,40.301
A,24.415,-9.74,39.32
A,25.154,-12.283,41.283
A,25.805,-13.661,41.314
A,25.1,-14.525,42.376
A,25.751,-14.318,39.922
A,25.286,-9.078,41.276
A,24.638,-7.77,41.196
A,25.013,-7.036,39.896
A,24.161,-6.506,39.198
A,25.036,-6.892,42.389
A,24.373,-7.288,43.706
A,24.697,-6.285,44.842
A,24.374,-6.871,46.23
A,25.588,-6.917,47.13
A,26.314,-6.968,39.617
A,26.848,-6.259,38.459
A,26.278,-6.817,37.16
A,25.938,-6.056,36.256
A,28.368,-6.364,38.464
A,26.055,-8.129,37.116
A,25.428,-8.776,35.965
A,24.032,-8.238,35.721
A,23.572,-8.209,34.592
A,25.336,-10.281,36.168
A,26.611,-11.075,35.926
A,26.348,-12.539,36.171
A,27.08,-10.86,34.49
A,23.37,-7.783,36.775
A,22.03,-7.245,36.612
A,22.014,-5.763,36.204
A,21.008,-5.277,35.689
A,21.153,-7.48,37.904
A,21.604,-6.655,38.99
A,21.214,-8.951,38.32
A,23.127,-5.061,36.411
A,23.159,-3.629,36.133
A,23.768,-3.318,34.762
A,23.485,-2.274,34.163
A,23.957,-2.855,37.21
A,25.227,-3.482,37.418
A,23.2,-2.824,38.514
A,24.647,-4.201,34.299
A,25.391,-3.968,33.068
A,24.462,-3.914,31.872
A,23.785,-4.878,31.567
A,26.44,-5.067,32.853
A,27.243,-4.893,31.588
A,28.11,-3.815,31.447
A,27.068,-5.756,30.518
A,28.79,-3.599,30.258
A,27.737,-5.56,29.331
A,28.602,-4.479,29.197
A,24.499,-2.811,31.138
A,23.558,-2.627,30.041
A,24.062,-2.989,28.621
A,23.243,-3.165,27.696
A,22.987,-1.177,30.057
A,24.047,-0.237,30.293
A,21.966,-1.033,31.181
A,25.378,-3.14,28.45
A,25.911,-3.447,27.129
A,26.693,-2.271,26.563
A,26.522,-1.134,26.993
A,27.661,-2.553,25.711
A,28.527,-1.508,25.217
A,27.936,-0.893,23.955
A,27.312,-1.594,23.139
A,29.909,-2.089,24.94
A,30.53,-2.711,26.185
A,31.842,-3.384,25.8
A,30.759,-1.63,27.227
A,28.168,0.414,23.743
A,27.879,0.992,22.421
A,28.583,0.231,21.306
A,29.685,-0.3,21.496
A,28.381,2.439,22.531
A,29.355,2.424,23.638
A,28.897,1.359,24.608
A,27.917,0.133,20.168
A,28.473,-0.512,18.988
A,28.432,-2.028,19.057
A,28.851,-2.681,18.113
A,29.926,-0.074,18.717
A,30.144,1.408,18.803
A,29.54,2.276,17.932
A,30.862,2.111,19.714
A,29.894,3.483,18.33
A,30.691,3.429,19.406
A,27.981,-2.596,20.169
A,27.854,-4.07,20.238
A,26.368,-4.398,20.213
A,25.697,-4.261,21.239
A,28.472,-4.641,21.537
A,30.001,-4.708,21.59
A,30.627,-3.322,21.726
A,32.068,-3.413,21.947
A,32.866,-2.372,22.181
A,32.361,-1.137,22.216
A,34.165,-2.571,22.435
A,25.867,-4.817,19.051
A,24.423,-4.985,18.812
A,23.563,-3.994,19.626
A,22.734,-4.371,20.477
A,24.005,-6.431,19.097
A,22.83,-6.903,18.267
A,23.036,-7.508,17.029
A,21.518,-6.746,18.732
A,21.963,-7.949,16.263
A,20.417,-7.193,17.973
A,20.647,-7.799,16.734
A,23.734,-2.724,19.305
A,23.154,-1.621,20.055
A,21.992,-0.989,19.27
A,22.186,-0.422,18.195
A,24.243,-0.567,20.298
A,23.764,0.654,21.021
A,24.644,1.852,20.831
A,25.617,1.822,20.05
A,24.33,2.878,21.456
A,20.787,-1.035,19.814
A,19.677,-0.388,19.119
A,19.887,1.112,19.248
A,19.967,1.635,20.356
A,18.302,-0.776,19.738
A,17.165,-0.116,18.965
A,18.118,-2.272,19.715
A,20.081,1.797,18.134
A,20.293,3.226,18.195
A,19.034,4.022,17.815
A,18.966,5.234,18.036
A,21.499,3.654,17.309
A,22.803,3.135,17.918
A,21.327,3.161,15.876
A,18.052,3.366,17.206
A,16.788,4.04,16.904
A,15.721,2.987,16.739
A,15.962,1.931,16.169
A,16.883,4.873,15.617
A,15.587,5.527,15.113
A,15.123,6.589,16.098
A,15.812,6.129,13.736
A,14.589,3.201,17.383
A,13.431,2.381,17.112
A,12.293,3.339,16.798
A,11.859,4.081,17.671
A,13.088,1.534,18.334
A,11.886,0.606,18.092
A,11.893,-0.646,18.955
A,12.541,-0.643,20.031
A,11.222,-1.632,18.564
A,11.959,3.491,15.531
A,10.978,4.501,15.184
A,10.15,3.981,14.029
A,10.682,3.284,13.163
A,11.695,5.781,14.777
A,10.779,6.869,14.337
A,10.933,7.587,13.17
A,9.718,7.432,14.977
A,9.988,8.549,13.142
A,9.22,8.496,14.217
A,8.841,4.237,14.062
A,7.923,3.793,13.004
A,7.947,2.279,12.77
A,7.75,1.817,11.654
A,8.226,4.488,11.681
A,8.01,5.978,11.738
A,7.234,6.487,12.544
A,8.733,6.7,10.889
A,8.186,1.518,13.831
A,8.173,0.071,13.721
A,9.469,-0.496,13.149
A,9.521,-1.667,12.793
A,10.52,0.315,13.075
A,11.819,-0.142,12.593
A,12.932,0.059,13.632
A,13.059,1.145,14.248
A,12.225,0.59,11.302
A,13.57,0.035,10.795
A,11.118,0.439,10.239
A,13.704,-1.008,13.843
A,14.875,-0.97,14.709
A,16.125,-0.811,13.85
A,16.35,-1.593,12.927
A,14.976,-2.26,15.519
A,13.866,-2.418,16.51
A,13.905,-3.792,17.11
A,13.408,-4.808,16.174
A,13.692,-6.109,16.268
A,14.492,-6.54,17.246
A,13.164,-6.985,15.408
A,16.916,0.214,14.154
A,18.189,0.436,13.502
A,19.239,0.028,14.525
A,19.258,0.568,15.641
A,18.343,1.92,13.176
A,17.302,2.45,12.225
A,15.968,2.632,12.487
A,17.499,2.842,10.846
A,15.327,3.111,11.36
A,16.233,3.237,10.338
A,18.622,2.887,9.989
A,16.058,3.67,9.01
A,18.444,3.322,8.668
A,17.164,3.713,8.195
A,20.057,-0.961,14.183
A,20.942,-1.593,15.147
A,22.416,-1.438,14.757
A,22.824,-1.793,13.648
A,20.589,-3.086,15.304
A,19.115,-3.194,15.741
A,21.585,-3.775,16.266
A,18.725,-4.501,16.311
A,23.153,-0.756,15.624
A,24.571,-0.494,15.451
A,25.37,-1.657,16.057
A,25.592,-1.726,17.282
A,24.915,0.832,16.146
A,26.414,1.063,16.286
A,27.22,0.451,15.586
A,26.787,1.957,17.176
A,25.811,-2.568,15.191
A,26.689,-3.648,15.6
A,28.022,-3.411,14.892
A,28.649,-4.345,14.402
A,26.078,-5.004,15.206
A,26.699,-6.165,15.934
A,27.259,-5.954,17.042
A,26.577,-7.312,15.421
A,28.492,-2.162,14.91
A,29.754,-1.818,14.263
A,30.932,-2.69,14.756
A,31.916,-2.893,14.029
A,30.066,-0.332,14.492
A,31.249,0.04,13.793
A,30.87,-3.151,16.003
A,31.969,-3.934,16.555
A,31.92,-5.403,16.129
A,32.737,-6.206,16.597
A,31.97,-3.862,18.076
A,33.275,-3.396,18.638
A,34.451,-4.233,18.167
A,35.742,-3.773,18.844
A,36.724,-4.893,18.959
A,30.986,-5.763,15.245
A,31.05,-7.068,14.599
A,32.054,-6.948,13.451
A,31.724,-6.475,12.361
A,29.692,-7.492,14.072
A,33.288,-7.369,13.705
A,34.348,-7.122,12.755
A,34.907,-8.422,12.193
A,35.99,-8.427,11.637
A,35.482,-6.284,13.415
A,36.084,-7.046,14.467
A,34.923,-4.984,13.983
A,34.176,-9.52,12.342
A,34.566,-10.801,11.754
A,33.329,-11.625,11.541
A,32.229,-11.183,11.884
A,35.552,-11.559,12.656
A,35.058,-11.7,14.07
A,33.902,-12.064,14.299
A,35.918,-11.393,15.034
A,33.49,-12.799,10.939
A,32.348,-13.644,10.623
A,31.638,-14.135,11.902
A,30.402,-14.189,11.949
A,32.808,-14.857,9.731
A,31.692,-15.917,9.588
A,33.251,-14.327,8.342
A,32.407,-14.479,12.942
A,31.81,-15.026,14.148
A,30.829,-14.058,14.789
A,29.781,-14.476,15.262
A,31.163,-12.775,14.865
A,30.277,-11.842,15.538
A,29.015,-11.555,14.714
A,27.918,-11.447,15.264
A,31.01,-10.542,15.875
A,31.905,-10.165,14.864
A,29.142,-11.442,13.392
A,27.959,-11.225,12.562
A,27.087,-12.487,12.562
A,25.849,-12.413,12.62
A,28.373,-10.828,11.115
A,29.114,-9.596,11.167
A,27.134,-10.627,10.217
A,27.733,-13.651,12.613
A,27.009,-14.91,12.796
A,26.187,-14.889,14.068
A,25.033,-15.311,14.078
A,27.978,-16.078,12.875
A,28.06,-16.899,11.63
A,28.666,-18.272,11.902
A,27.919,-19.214,12.267
A,29.898,-18.391,11.788
A,26.81,-14.458,15.157
A,26.119,-14.333,16.432
A,24.939,-13.356,16.391
A,23.921,-13.568,17.055
A,27.109,-13.938,17.537
A,25.047,-12.3,15.603
A,23.903,-11.397,15.42
A,22.741,-12.043,14.647
A,21.591,-11.758,14.92
A,24.357,-10.115,14.708
A,23.076,-12.819,13.613
A,22.112,-13.36,12.636
A,21.464,-14.653,13.108
A,20.311,-14.951,12.775
A,22.81,-13.648,11.304
A,23.433,-12.456,10.577
A,24.112,-12.906,9.272
A,22.323,-11.434,10.306
A,22.231,-15.43,13.855
A,21.823,-16.769,14.214
A,20.607,-16.719,15.134
A,20.668,-16.163,16.231
A,22.984,-17.468,14.902
A,22.68,-18.897,15.214
A,21.916,-19.551,14.497
A,23.267,-19.404,16.29
A,19.465,-17.128,14.598
A,18.227,-17.067,15.361
A,17.561,-15.69,15.423
A,16.612,-15.483,16.198
A,18.033,-14.744,14.608
A,17.505,-13.38,14.66
A,16.025,-13.339,14.251
A,15.629,-13.927,13.239
A,18.332,-12.457,13.754
A,17.998,-10.965,13.66
A,18.348,-10.262,14.947
A,18.78,-10.383,12.518
A,15.222,-12.634,15.04
A,13.811,-12.433,14.719
A,13.583,-11.058,14.108
A,13.783,-10.03,14.771
A,12.954,-12.562,15.979
A,11.489,-12.421,15.722
A,10.826,-13.339,14.945
A,10.701,-11.333,15.894
A,9.666,-12.782,14.643
A,9.543,-11.566,15.192
A,13.053,-11.041,12.892
A,12.673,-9.79,12.25
A,11.29,-10.029,11.695
A,11.068,-10.998,10.967
A,13.614,-9.455,11.084
A,13.195,-8.169,10.418
A,15.042,-9.362,11.595
A,10.355,-9.153,12.021
A,9.013,-9.318,11.485
A,8.882,-9.022,9.976
A,8.301,-9.834,9.242
A,8.029,-8.526,12.335
A,7.941,-9.078,13.741
A,7.644,-10.285,13.886
A,8.321,-8.367,14.689
A,9.63,-8.045,9.482
A,9.652,-7.788,8.058
A,10.954,-8.211,7.393
A,11.397,-9.354,7.543
A,11.601,-7.256,6.733
A,12.819,-7.504,5.973
A,14.043,-7.058,6.772
A,14.02,-6.002,7.425
A,12.779,-6.737,4.638
A,11.718,-7.261,3.827
A,14.109,-6.858,3.881
A,15.091,-7.877,6.738
A,16.394,-7.52,7.297
A,17.211,-6.831,6.219
A,17.447,-7.399,5.155
A,17.135,-8.778,7.778
A,18.575,-8.581,8.27
A,18.617,-7.689,9.519
A,19.212,-9.944,8.554
A,17.536,-5.562,6.459
A,18.437,-4.794,5.603
A,19.819,-4.821,6.272
A,20.014,-4.193,7.317
A,17.924,-3.358,5.487
A,16.52,-3.264,4.957
A,16.263,-3.175,3.61
A,15.344,-3.269,5.642
A,14.943,-3.118,3.503
A,14.347,-3.174,4.704
A,20.724,-5.645,5.745
A,21.989,-5.95,6.411
A,23.134,-5.237,5.689
A,23.316,-5.39,4.471
A,22.221,-7.467,6.429
A,23.56,-7.99,6.962
A,23.701,-7.64,8.409
A,23.616,-9.49,6.815
A,23.826,-4.375,6.43
A,24.986,-3.657,5.94
A,26.26,-4.448,6.25
A,26.552,-4.747,7.413
A,25.038,-2.28,6.597
A,23.943,-1.272,6.178
A,23.42,-0.498,7.395
A,24.523,-0.27,5.169
A,27.008,-4.781,5.208
A,28.232,-5.57,5.335
A,29.357,-4.825,4.635
A,29.144,-4.262,3.548
A,28.054,-6.925,4.654
A,26.966,-7.862,5.176
A,26.726,-8.989,4.144
A,27.39,-8.439,6.55
A,30.571,-4.905,5.173
A,31.717,-4.47,4.396
A,32.788,-3.708,5.13
A,32.685,-3.495,6.334
A,33.859,-3.365,4.406
A,35.013,-2.724,5.01
A,36.25,-3.528,4.677
A,36.312,-4.184,3.641
A,37.171,-3.598,5.626
A,38.411,-4.355,5.454
A,38.179,-5.757,6.015
A,38.115,-5.957,7.219
A,39.531,-3.611,6.175
A,40.741,-4.461,6.436
A,40.954,-5.474,5.73
A,41.461,-4.123,7.409
A,38.024,-6.712,5.119
A,37.718,-8.083,5.484
A,38.85,-8.923,6.058
A,38.625,-10.095,6.367
A,40.058,-8.357,6.149
A,41.21,-9.027,6.796
A,41.399,-10.471,6.281
A,41.749,-11.357,7.046
A,41.04,-9.039,8.336
A,40.955,-7.655,9
A,40.545,-7.774,10.499
A,39.025,-7.982,10.719
A,38.689,-8.045,12.189
A,41.234,-10.667,4.971
A,41.356,-11.976,4.307
A,40.446,-13.07,4.837
A,40.761,-14.256,4.684
A,42.809,-12.488,4.352
A,43.718,-11.484,3.923
A,39.288,-12.687,5.396
A,38.332,-13.665,5.924
A,37.61,-14.361,4.775
A,37.409,-13.766,3.717
A,37.316,-12.984,6.815
A,37.26,-15.627,4.977
A,36.324,-16.322,4.114
A,34.932,-16.051,4.697
A,34.617,-16.522,5.792
A,36.604,-17.838,4.096
A,35.512,-18.63,3.397
A,34.796,-18.046,2.58
A,35.33,-19.82,3.679
A,34.134,-15.259,3.981
A,32.814,-14.858,4.438
A,31.75,-15.912,4.185
A,30.647,-15.806,4.706
A,32.423,-13.557,3.754
A,33.277,-12.396,4.164
A,33.2,-11.884,5.462
A,34.132,-11.777,3.25
A,33.954,-10.759,5.841
A,34.897,-10.65,3.62
A,34.801,-10.141,4.914
A,32.133,-17.007,3.541
A,31.183,-18.059,3.155
A,30.25,-18.565,4.247
A,29.073,-18.837,3.973
A,31.921,-19.261,2.566
A,32.617,-18.86,1.404
A,30.758,-18.744,5.484
A,29.891,-19.252,6.553
A,28.639,-18.414,6.856
A,27.745,-18.871,7.564
A,30.829,-19.33,7.759
A,32.197,-19.507,7.136
A,32.158,-18.624,5.937
A,28.615,-17.171,6.397
A,27.445,-16.306,6.571
A,26.29,-16.64,5.635
A,25.147,-16.298,5.914
A,27.833,-14.854,6.339
A,28.838,-14.264,7.332
A,29.038,-12.765,7.018
A,28.333,-14.462,8.782
A,26.612,-17.15,4.45
A,25.617,-17.311,3.399
A,24.433,-18.143,3.835
A,23.312,-17.865,3.433
A,26.25,-17.928,2.177
A,24.659,-19.119,4.706
A,23.582,-20.005,5.143
A,22.578,-19.288,6.024
A,21.497,-19.812,6.293
A,24.129,-21.229,5.876
A,24.282,-21.07,7.363
A,24.611,-22.412,7.986
A,24.59,-22.394,9.454
A,23.528,-22.687,10.214
A,22.353,-22.983,9.658
A,23.685,-22.846,11.526
A,22.924,-18.082,6.45
A,21.998,-17.247,7.185
A,21.227,-16.292,6.279
A,20.285,-15.645,6.738
A,22.745,-16.445,8.245
A,23.424,-17.291,9.278
A,22.711,-17.796,10.362
A,24.779,-17.581,9.187
A,23.33,-18.559,11.325
A,25.401,-18.352,10.127
A,24.676,-18.836,11.199
A,25.289,-19.586,12.175
A,21.599,-16.203,5.005
A,21.093,-15.125,4.166
A,20.147,-15.576,3.06
A,19.878,-14.821,2.118
A,22.255,-14.334,3.573
A,23.187,-13.874,4.693
A,24.399,-13.205,4.09
A,22.437,-12.938,5.651
A,19.526,-16.733,3.279
A,18.588,-17.323,2.334
A,17.152,-16.966,2.653
A,16.767,-16.828,3.805
A,18.734,-18.836,2.329
A,20.021,-19.272,1.722
A,20.512,-18.65,0.772
A,20.653,-20.263,2.335
A,16.331,-16.868,1.628
A,14.947,-16.578,1.91
A,14.611,-15.138,1.639
A,15.476,-14.324,1.318
A,13.356,-14.808,1.909
A,12.647,-13.825,1.112
A,12.761,-12.432,1.707
A,12.445,-11.435,1.05
A,11.164,-14.232,0.995
A,10.973,-15.68,0.483
A,11.097,-16.633,1.302
A,10.666,-15.862,-0.728
A,13.265,-12.368,2.931
A,13.176,-11.148,3.731
A,14.565,-10.613,4.106
A,14.763,-10.109,5.205
A,12.38,-11.45,5.005
A,13.184,-12.284,6.012
A,13.972,-13.178,5.616
A,13.039,-11.964,7.307
A,15.542,-10.818,3.232
A,16.913,-10.393,3.504
A,17.419,-9.566,2.336
A,17.367,-10.002,1.186
A,17.872,-11.604,3.695
A,19.28,-11.117,4.089
A,17.338,-12.544,4.754
A,17.847,-8.343,2.618
A,18.506,-7.523,1.621
A,19.919,-7.202,2.124
A,20.1,-6.916,3.315
A,17.723,-6.236,1.423
A,16.37,-6.445,0.811
A,16.515,-7.101,-0.54
A,15.566,-8.206,-0.642
A,14.317,-8.092,-1.099
A,13.89,-6.915,-1.563
A,13.435,-9.074,-0.872
A,20.906,-7.246,1.226
A,22.286,-6.952,1.592
A,22.709,-5.651,0.953
A,22.38,-5.406,-0.212
A,23.225,-8.067,1.128
A,22.935,-9.519,1.484
A,24.049,-10.362,0.896
A,22.87,-9.722,2.992
A,23.456,-4.83,1.699
A,24.047,-3.606,1.169
A,25.525,-3.581,1.558
A,25.865,-3.494,2.736
A,23.314,-2.38,1.72
A,21.807,-2.486,1.592
A,21.068,-3.287,2.477
A,21.13,-1.844,0.558
A,19.68,-3.449,2.33
A,19.745,-1.997,0.394
A,19.029,-2.794,1.288
A,17.647,-2.85,1.228
A,26.392,-3.768,0.57
A,27.775,-4.169,0.798
A,28.681,-3.051,0.342
A,28.455,-2.486,-0.716
A,28.081,-5.446,0.014
A,26.973,-6.815,0.383
A,29.683,-2.698,1.134
A,30.482,-1.512,0.843
A,31.921,-1.676,1.357
A,32.288,-2.727,1.91
A,29.829,-0.255,1.459
A,29.736,-0.296,2.963
A,28.689,-0.969,3.588
A,30.769,0.205,3.741
A,28.679,-1.164,4.956
A,30.78,0.019,5.111
A,29.726,-0.677,5.724
A,32.711,-0.615,1.191
A,34.097,-0.621,1.618
A,35.003,-1.465,0.729
A,34.553,-2.083,-0.257
A,36.257,-1.604,1.159
A,37.263,-2.344,0.406
A,36.768,-3.706,-0.103
A,36.85,-4.001,-1.297
A,38.509,-2.508,1.279
A,39.769,-2.988,0.556
A,40.974,-2.898,1.51
A,41.461,-1.515,1.651
A,42.119,-1.03,2.713
A,42.35,-1.804,3.78
A,42.624,0.21,2.676
A,36.203,-4.523,0.777
A,35.833,-5.869,0.374
A,34.353,-6.024,0.158
A,33.849,-7.144,0.147
A,36.354,-6.879,1.389
A,37.873,-6.912,1.426
A,38.492,-6.641,0.376
A,38.467,-7.044,2.51
A,33.716,-4.932,-0.248
A,32.296,-4.964,-0.526
A,31.885,-6.014,-1.536
A,30.874,-6.704,-1.359
A,32.663,-6.145,-2.601
A,32.324,-7.077,-3.672
A,32.269,-8.516,-3.172
A,31.36,-9.274,-3.514
A,33.332,-6.956,-4.799
A,33.232,-8.873,-2.334
A,33.275,-10.163,-1.663
A,32.005,-10.517,-0.875
A,31.593,-11.68,-0.802
A,34.461,-10.171,-0.7
A,35.442,-11.239,-1
A,36.526,-11.351,0.044
A,37.547,-10.657,-0.031
A,36.398,-12.347,0.914
A,31.474,-9.539,-0.156
A,30.264,-9.761,0.629
A,28.992,-9.827,-0.226
A,28.14,-10.678,-0.009
A,30.16,-8.675,1.688
A,31.335,-8.837,2.671
A,31.858,-7.493,3.114
A,30.899,-9.705,3.837
A,28.926,-9.009,-1.266
A,27.792,-9.036,-2.191
A,27.697,-10.396,-2.865
A,26.61,-10.94,-3.034
A,27.96,-7.949,-3.23
A,28.854,-11.018,-3.073
A,28.93,-12.346,-3.673
A,28.31,-13.434,-2.832
A,28.127,-14.552,-3.312
A,30.377,-12.7,-3.991
A,28.041,-13.15,-1.562
A,27.426,-14.146,-0.702
A,26.032,-14.505,-1.215
A,25.612,-15.652,-1.123
A,27.358,-13.641,0.746
A,28.657,-13.633,1.572
A,28.404,-12.899,2.876
A,29.14,-15.057,1.852
A,25.32,-13.531,-1.772
A,24.031,-13.816,-2.386
A,23.658,-12.692,-3.311
A,22.908,-11.767,-2.969
A,22.936,-14.016,-1.35
A,21.601,-14.225,-2.002
A,20.591,-14.735,-1.029
A,19.35,-15.023,-1.737
A,18.148,-15.036,-1.175
A,18.016,-14.779,0.127
A,17.076,-15.286,-1.931
A,24.147,-12.79,-4.537
A,24.188,-11.632,-5.419
A,22.78,-11.169,-5.779
A,22.551,-9.98,-5.956
A,24.958,-12.152,-6.63
A,25.744,-13.357,-6.097
A,24.803,-13.973,-5.137
A,21.814,-12.081,-5.719
A,20.463,-11.751,-6.169
A,19.718,-10.849,-5.198
A,18.799,-10.14,-5.622
A,19.643,-13.017,-6.466
A,19.264,-13.849,-5.27
A,20.188,-15.036,-5.053
A,21.364,-14.967,-5.506
A,19.738,-16.025,-4.403
A,20.191,-10.761,-3.945
A,19.612,-9.797,-2.991
A,20.587,-8.728,-2.493
A,20.268,-8.01,-1.54
A,18.981,-10.487,-1.753
A,17.905,-11.468,-2.193
A,20.053,-11.196,-0.911
A,21.682,-8.522,-3.225
A,22.787,-7.7,-2.752
A,22.96,-6.446,-3.6
A,22.704,-6.484,-4.801
A,24.091,-8.529,-2.725
A,23.222,-5.308,-2.947
A,23.611,-4.046,-3.602
A,25.034,-3.719,-3.15
A,25.372,-3.941,-2.003
A,22.692,-2.897,-3.155
A,21.223,-3.048,-3.515
A,20.831,-2.161,-4.678
A,21.652,-1.945,-5.608
A,19.713,-1.631,-4.65
A,25.848,-3.126,-4.011
A,27.179,-2.726,-3.603
A,27.418,-1.249,-3.86
A,27.079,-0.739,-4.925
A,28.234,-3.57,-4.314
A,29.648,-3.287,-3.791
A,30.744,-3.926,-4.615
A,30.5,-4.883,-5.347
A,31.964,-3.432,-4.467
A,27.879,-0.537,-2.84
A,28.167,0.891,-2.935
A,29.613,1.092,-2.51
A,30.251,0.152,-2.026
A,27.265,1.703,-1.985
A,27.432,1.228,-0.638
A,25.818,1.577,-2.386
A,30.142,2.299,-2.675
A,31.485,2.553,-2.183
A,31.468,2.705,-0.658
A,32.324,2.143,0.036
A,32.088,3.805,-2.824
A,33.538,4.047,-2.402
A,34.066,5.439,-2.784
A,33.688,5.965,-3.867
A,34.876,6.003,-2.001
A,30.49,3.449,-0.144
A,30.478,3.837,1.253
A,29.21,3.368,1.966
A,28.203,3.047,1.337
A,30.569,5.35,1.434
A,29.356,5.956,0.989
A,31.734,5.932,0.632
A,29.3,3.305,3.292
A,28.183,2.954,4.148
A,27.079,3.999,4.016
A,25.92,3.648,3.927
A,28.662,2.854,5.602
A,27.594,2.376,6.587
A,28.101,2.524,8.304
A,28.26,4.325,8.55
A,27.442,5.275,3.928
A,26.427,6.312,3.798
A,25.62,6.132,2.532
A,24.401,6.252,2.556
A,27.038,7.711,3.811
A,26.035,8.775,3.399
A,26.383,10.164,3.88
A,27.391,10.361,4.606
A,25.585,11.074,3.59
A,26.284,5.779,1.436
A,25.56,5.517,0.196
A,24.621,4.328,0.318
A,23.513,4.359,-0.205
A,26.53,5.263,-0.961
A,27.352,6.464,-1.357
A,28.547,6.07,-2.182
A,28.955,4.907,-2.201
A,29.093,7.026,-2.915
A,25.069,3.276,1.006
A,24.244,2.088,1.228
A,23.025,2.451,2.06
A,21.939,1.935,1.832
A,25.06,0.996,1.939
A,23.2,3.333,3.036
A,22.099,3.673,3.932
A,21.067,4.543,3.233
A,19.871,4.335,3.395
A,22.624,4.366,5.182
A,23.452,3.428,6.04
A,23.786,4.143,7.593
A,22.092,3.939,8.354
A,21.545,5.476,2.416
A,20.653,6.317,1.612
A,19.96,5.499,0.521
A,18.82,5.785,0.157
A,21.432,7.489,1.013
A,21.891,8.442,2.074
A,22.52,9.693,1.508
A,23.009,10.536,2.596
A,22.238,11.292,3.384
A,20.914,11.336,3.207
A,22.792,11.98,4.386
A,20.559,4.368,0.168
A,19.958,3.413,-0.76
A,18.841,2.606,-0.118
A,17.76,2.457,-0.689
A,21.03,2.455,-1.265
A,20.749,1.553,-2.449
A,20.1,2.381,-3.556
A,22.086,0.961,-2.949
A,19.127,2.021,1.043
A,18.152,1.183,1.731
A,17.017,1.974,2.389
A,15.932,1.438,2.571
A,18.839,0.311,2.792
A,19.328,0.923,4.109
A,18.251,0.789,5.166
A,20.594,0.184,4.577
A,17.282,3.208,2.819
A,16.338,3.923,3.682
A,14.93,4.057,3.086
A,13.959,3.673,3.738
A,16.899,5.291,4.079
A,14.819,4.436,1.79
A,13.502,4.478,1.109
A,12.722,3.165,1.151
A,11.498,3.166,1.08
A,13.849,4.855,-0.327
A,15.103,5.641,-0.194
A,15.88,5.006,0.936
A,13.416,2.042,1.265
A,12.768,0.75,1.147
A,12.239,0.202,2.46
A,11.609,-0.86,2.482
A,13.74,-0.268,0.551
A,14.274,0.146,-0.795
A,15.344,-0.766,-1.28
A,15.996,-0.114,-2.4
A,16.977,-0.639,-3.115
A,17.441,-1.851,-2.824
A,17.452,0.034,-4.16
A,12.619,0.851,3.553
A,12.356,0.352,4.901
A,10.837,0.417,5.206
A,10.191,1.404,4.857
A,13.208,1.185,5.926
A,12.728,1.01,7.319
A,14.675,0.735,5.863
A,10.273,-0.706,5.671
A,8.86,-0.834,6.063
A,8.741,-1.155,7.564
A,9.641,-1.79,8.141
A,8.195,-1.963,5.278
A,8.328,-1.849,3.769
A,7.691,-0.587,3.23
A,6.615,-0.186,3.676
A,8.337,0.036,2.248
A,7.603,-0.785,8.205
A,7.337,-1.156,9.604
A,7.487,-2.661,9.828
A,7,-3.464,9.031
A,5.896,-0.689,9.816
A,5.771,0.474,8.862
A,6.48,-0.011,7.635
A,8.23,-3.038,10.866
A,8.593,-4.432,11.057
A,10.005,-4.767,10.587
A,10.549,-5.81,10.979
A,10.605,-3.911,9.76
A,11.94,-4.187,9.225
A,12.981,-3.951,10.308
A,12.722,-3.263,11.31
A,12.267,-3.286,8.031
A,11.527,-3.683,6.76
A,10.696,-4.606,6.795
A,11.823,-3.097,5.699
A,14.177,-4.48,10.068
A,15.338,-4.142,10.872
A,16.431,-3.711,9.919
A,16.616,-4.333,8.884
A,15.816,-5.354,11.672
A,17.174,-5.138,12.396
A,17.771,-6.648,13.253
A,16.575,-6.752,14.559
A,17.146,-2.652,10.281
A,18.355,-2.241,9.586
A,19.524,-2.553,10.52
A,19.608,-2.004,11.63
A,18.338,-0.737,9.303
A,19.599,-0.34,8.528
A,17.099,-0.367,8.527
A,20.408,-3.444,10.091
A,21.453,-3.954,10.965
A,22.805,-3.639,10.361
A,23.126,-4.159,9.286
A,21.306,-5.478,11.115
A,22.433,-6.212,11.869
A,22.621,-5.605,13.285
A,22.103,-7.706,11.936
A,23.604,-2.81,11.033
A,25.012,-2.679,10.654
A,25.789,-3.723,11.442
A,25.971,-3.581,12.639
A,25.547,-1.281,10.973
A,27.081,-1.092,10.939
A,27.592,-1.259,9.499
A,27.479,0.289,11.523
A,26.126,-4.837,10.8
A,26.958,-5.853,11.435
A,27.991,-6.327,10.395
A,27.784,-7.326,9.688
A,26.086,-7.014,11.945
A,26.83,-7.946,12.714
A,29.061,-5.536,10.214
A,29.711,-5.485,8.904
A,30.669,-6.641,8.614
A,30.997,-6.881,7.447
A,30.408,-4.121,8.905
A,30.642,-3.826,10.335
A,29.438,-4.379,11.05
A,31.022,-7.401,9.65
A,31.918,-8.562,9.549
A,33.34,-8.204,9.111
A,34.16,-9.092,8.841
A,31.32,-9.637,8.63
A,33.67,-6.93,9.266
A,34.912,-6.346,8.761
A,35.459,-5.286,9.72
A,34.706,-4.672,10.472
A,34.676,-5.675,7.408
A,34.303,-6.768,6.054
A,36.772,-5.069,9.679
A,37.392,-3.916,10.341
A,37.034,-2.625,9.57
A,36.567,-2.682,8.427
A,38.915,-4.101,10.409
A,37.196,-1.469,10.202
A,36.68,-0.232,9.616
A,37.757,0.642,9.014
A,37.46,1.714,8.502
A,35.925,0.59,10.673
A,36.794,1,11.713
A,39.014,0.244,9.173
A,40.083,1.209,8.979
A,40.349,1.56,7.531
A,41.042,2.541,7.279
A,41.381,0.759,9.66
A,41.363,0.725,11.202
A,42.808,0.672,11.73
A,40.639,1.969,11.773
A,39.739,0.846,6.586
A,39.819,1.272,5.184
A,39.133,2.63,4.907
A,39.527,3.339,3.97
A,39.267,0.197,4.218
A,37.781,-0.032,4.38
A,37.333,-0.084,5.544
A,37.081,-0.188,3.359
A,38.122,2.985,5.706
A,37.364,4.215,5.472
A,37.125,5.058,6.709
A,36.679,6.209,6.593
A,36.015,3.897,4.834
A,36.121,3.305,3.457
A,34.801,2.797,2.92
A,34.084,2.061,3.594
A,34.509,3.131,1.669
A,37.318,4.482,7.893
A,37.001,5.193,9.12
A,38.21,5.336,10.037
A,39.108,4.504,10.004
A,35.861,4.486,9.879
A,34.571,4.412,9.103
A,33.611,5.43,9.217
A,34.293,3.309,8.294
A,32.381,5.344,8.545
A,33.066,3.204,7.615
A,32.103,4.233,7.745
A,38.151,6.318,10.935
A,39.137,6.503,12.006
A,39.204,5.254,12.864
A,40.267,4.93,13.392
A,38.746,7.675,12.927
A,38.727,9.045,12.273
A,40.049,9.317,11.596
A,39.932,10.457,10.581
A,41.231,10.671,9.862
A,38.025,4.731,13.201
A,37.879,3.591,14.093
A,36.45,3.06,13.974
A,35.628,3.641,13.253
A,38.17,3.997,15.538
A,37.587,5.352,15.906
A,36.408,5.639,15.637
A,38.376,6.161,16.612
A,36.17,1.924,14.611
A,34.834,1.329,14.514
A,33.786,2.21,15.21
A,32.614,2.191,14.832
A,34.808,-0.119,15.084
A,34.905,-0.199,16.592
A,33.76,-0.036,17.396
A,36.148,-0.417,17.215
A,33.844,-0.073,18.793
A,36.252,-0.452,18.627
A,35.098,-0.276,19.412
A,34.214,3.005,16.198
A,33.293,3.917,16.873
A,32.807,4.987,15.902
A,31.637,5.355,15.907
A,33.955,4.59,18.066
A,34.235,3.654,19.208
A,35.685,3.155,19.249
A,36.358,3.08,18.196
A,36.145,2.781,20.35
A,33.699,5.485,15.063
A,33.274,6.447,14.074
A,32.254,5.834,13.106
A,31.249,6.474,12.739
A,34.471,6.975,13.298
A,34.054,8.085,12.35
A,35.185,8.542,11.479
A,35.735,7.768,10.712
A,35.599,9.792,11.655
A,32.511,4.6,12.682
A,31.585,3.903,11.8
A,30.222,3.706,12.49
A,29.186,3.962,11.879
A,32.182,2.563,11.369
A,31.227,1.694,10.571
A,31.943,0.478,10.006
A,32.321,-0.496,11.033
A,33.027,-1.611,10.805
A,33.447,-1.914,9.581
A,33.361,-2.412,11.824
A,30.226,3.387,13.785
A,28.977,3.202,14.515
A,28.22,4.503,14.721
A,26.969,4.575,14.626
A,28.978,5.55,15.015
A,28.399,6.862,15.28
A,27.848,7.466,13.997
A,26.795,8.083,14.009
A,29.453,7.791,15.881
A,29.774,7.448,17.321
A,28.95,6.879,18.059
A,30.969,7.828,17.748
A,28.513,7.205,12.884
A,28.021,7.609,11.582
A,26.684,6.926,11.258
A,25.716,7.578,10.859
A,29.077,7.249,10.539
A,28.957,7.973,9.223
A,29.453,9.44,9.291
A,29.437,10.074,10.394
A,29.791,9.97,8.198
A,26.642,5.608,11.443
A,25.432,4.85,11.246
A,24.299,5.431,12.117
A,23.157,5.551,11.651
A,25.704,3.382,11.588
A,24.467,2.512,11.607
A,23.959,1.972,10.427
A,23.764,2.29,12.802
A,22.753,1.237,10.428
A,22.575,1.556,12.811
A,22.064,1.036,11.624
A,24.579,5.747,13.389
A,23.525,6.272,14.282
A,23.015,7.658,13.85
A,21.795,7.9,13.84
A,23.994,6.304,15.753
A,23.918,8.497,13.342
A,23.547,9.818,12.857
A,22.678,9.675,11.606
A,21.652,10.348,11.466
A,24.806,10.63,12.526
A,24.54,11.909,11.743
A,25.84,12.617,11.355
A,26.597,11.94,10.298
A,26.281,11.972,8.995
A,25.194,12.629,8.58
A,27.09,11.411,8.091
A,23.055,8.767,10.719
A,22.297,8.573,9.484
A,20.932,7.891,9.684
A,19.969,8.194,8.985
A,23.142,7.802,8.468
A,24.308,8.608,7.867
A,25.287,7.648,7.187
A,23.781,9.658,6.871
A,20.872,6.953,10.625
A,19.626,6.342,11.05
A,18.676,7.4,11.601
A,17.507,7.393,11.289
A,19.911,5.287,12.1
A,19.184,8.319,12.411
A,18.344,9.383,12.963
A,17.815,10.293,11.879
A,16.686,10.76,11.951
A,19.123,10.221,13.956
A,18.648,10.042,15.362
A,19.417,8.929,16.068
A,20.594,9.49,16.862
A,20.754,8.788,18.178
A,18.674,10.61,10.924
A,18.289,11.394,9.759
A,17.253,10.676,8.863
A,16.302,11.304,8.364
A,19.529,11.732,8.928
A,19.221,12.599,7.706
A,20.383,12.737,6.758
A,21.55,12.79,7.213
A,20.111,12.88,5.551
A,17.479,9.39,8.603
A,16.726,8.695,7.569
A,15.578,7.842,8.096
A,14.817,7.283,7.293
A,17.654,7.815,6.72
A,18.853,8.475,6.041
A,19.846,7.415,5.634
A,18.394,9.234,4.83
A,15.478,7.694,9.416
A,14.52,6.759,9.99
A,13.371,7.405,10.744
A,12.664,6.704,11.503
A,13.207,8.641,10.633
